Toode,Kogus,Hind,Summa
    CH-M12K7S Portable Conditioner ,1,358.33,358.33
    C&H S18FVX CONSOL Soojuspump ,1,408.74,408.74
    CH-C18NK2 Indoor Unit ,2,158.38,316.77
    CH-C24NK2  Indoor Unit ,2,190.06,380.13
    CH-U24NK2 Outdoor Unit ,2,302.96,605.93
    CH-M09K6S Portable Conditioner ,3,162.17,486.51
    CH-S09FTXE WI-FI Alpha Inverter ,10,225.50,2255.04
    CH-S12FTXE WI-FI Alpha Inverter ,9,239.84,2158.59
    CH-S18FTXE WI-FI Alpha Inverter ,7,343.21,2402.46
    CH-U48NM2 Outdoor Unit ,3,516.33,1548.99
    TC04 frame ,7,0.08,0.55
    C&H CH-U18NK2 Outdoor Unit ,2,193.31,386.63
    C&H S12FTXLA WI-FI Arctic Soojuspump ,5,259.31,1296.53
    TC03 frame IC18NK4- IC12NK4 ,2,0.08,0.16
    CH-S12FTXTB2S-W ICY New Long Distance WI-FI Heat Pump ,7,454.17,3179.22
    CH-S18FTXTB2S-W ICY New Long Distance WI-FI Heat Pump ,16,441.22,7059.54
    CH-S24FTXTB2S-W ICY New Long Distance WI-FI Heat Pump ,13,569.15,7398.92
    C&H S07XN7 PRIMA ,60,129.84,7790.48
    C&H S09XN7 PRIMA ,85,145.81,12393.73
    C&H S12XN7 PRIMA ,75,168.43,12632.40
    C&H S18XN7 PRIMA ,25,279.45,6986.16
    C&H S24XN7 PRIMA ,26,354.73,9222.98
    C&H S30XN7 PRIMA ,25,409.54,10238.59
    C&H-S07FTX5 Winner Inverter ,5,198.18,990.88
    CH-M12K7S Portable Conditioner ,3,229.60,688.80
    CH-C60NK2 Indoor Unit ,2,256.67,513.34
    CH-U60NM2 Outdoor Unit ,2,660.35,1320.71
    CH-C48NK2 Indoor Unit ,3,206.00,618.00
    CH-S09FTXE-NG WI-FI Alpha Inverter ,15,215.07,3225.99
    CH-S12FTXE-NG WI-FI Alpha Inverter ,25,228.54,5713.53
    CH-S18FTXE-NG WI-FI Alpha Inverter ,2,333.83,667.66
    CH-S09 FTXLA-NG ,10,260.59,2605.87
    CH-S12 FTXLA-NG ,25,276.11,6902.66
    CH-S18 FTXLA-NG ,3,422.53,1267.59
    CH-S24 FTXLA-NG ,3,495.13,1485.38
    CH-S24FTXLE WI-FI ,4,493.90,1975.61
    CHML-U24RK3 outdoor unit ,1,588.70,588.70
    CHML-IW09AARK ( Wi-Fi) indoor unit ,2,91.59,183.19
    CHML-IW18AARK ( Wi-Fi) indoor unit ,1,125.73,125.73
    CH-S09 FTXLA-NG ,2,355.00,710.00
    C&H CH-D005WD1 Mobile Dehumidifier ,1,87.00,87.00
    CH-S12FTXE-NG WI-FI Alpha Inverter ,1,270.00,270.00
    CH-FW050K2 ,1,111.49,111.49
    CH-S09 FTXLA-NG ,1,294.00,294.00
    CH-S12 FTXLA-NG ,5,320.00,1600.00
    CH-M12K7S Portable Conditioner ,1,273.00,273.00
    C&H S12FTXS-W ARCTIC Design Soojuspump ,2,552.90,1105.80
    C&H S18FVX CONSOL Soojuspump ,3,575.53,1726.60
    Advertising. Promotional Marketing ,1,231.00,231.00
    C&H-S09FTX5 Winner Inverter ,1,261.90,261.90
    CHML-U42NK5 Outdoor Unit ,1,1149.00,1149.00
    CH-S12FTXE WI-FI Alpha Inverter ,1,303.80,303.80
    CH-S09FTXTB2S-W ICY New Long Distance WI-FI Heat Pump ,1,495.00,495.00
    C&H S12FTXHV-B VIP long distance WI-FI ,12,844.50,10134.05
    CHML-IW09VNK Indoor Unit VIP ,5,233.00,1165.00
    C&H S09FTXLA WI-FI Arctic Soojuspump ,4,326.18,1304.72
    C&H S12FTXLA WI-FI Arctic Soojuspump ,12,403.36,4840.30
    C&H S24FTXLA  WI-FI Arctic Soojuspump ,2,611.10,1222.20
    C&H S09FTXHV-B VIP long distance WI-FI ,3,763.60,2290.80
    CH-S12FTXTB2S-W ICY New Long Distance WI-FI Heat Pump ,10,550.47,5504.70
    CH-S18FTXTB2S-W ICY New Long Distance WI-FI Heat Pump ,8,604.21,4833.70
    CH-S24FTXTB2S-W ICY New Long Distance WI-FI Heat Pump ,2,778.15,1556.30
    C&H S18FTXHV-B VIP long distance WI-FI ,5,801.96,4009.80
    CH-M12K7S Portable Conditioner ,1,244.15,244.15
    CH-S09FTXAM2S-BL ,2,640.25,1280.50
    CH-S12FTXAM2S-BL ,5,640.57,3202.85
    CH-S24FTXAM2S-BL ,2,797.82,1595.65
    CH-S09FTXAM2S-GD ,6,622.43,3734.60
    CH-S12FTXAM2S-GD ,1,670.00,670.00
    CH-S18FTXAM2S-GD ,2,766.30,1532.60
    CH-S24FTXAM2S-GD ,2,797.82,1595.65
    CH-S09FTXAM2S-SC ,3,637.00,1911.00
    CH-S12FTXAM2S-SC ,2,591.08,1182.17
    CH-S18FTXAM2S-SC ,4,757.81,3031.25
    CH-S24FTXAM2S-SC ,1,771.15,771.15
    CH-S12FTXN-E2wifi ,1,392.85,392.85
    CH-S18FTXN-E2wifi ,4,480.15,1920.60
    CH-S18FTXQ-NG WI-FI Veritas ,1,431.65,431.65
    CH-S09FTXQ-NG WI-FI Veritas ,10,285.56,2855.60
    CH-S12FTXQ-NG WI-FI Veritas ,1,309.43,309.43
    CH-S09FTXE-NG WI-FI Alpha Inverter ,1,286.15,286.15
    CH-S12FTXE-NG WI-FI Alpha Inverter ,1,315.25,315.25
    CH-S09 FTXLA-NG ,8,348.34,2786.75
    CH-S12 FTXLA-NG ,19,404.95,7694.10
    CH-S18 FTXLA-NG ,7,570.07,3990.50
    CH-S24 FTXLA-NG ,1,695.00,695.00
    CHML-U24RK3 outdoor unit ,1,725.00,725.00
    CHML-IW09AARK ( Wi-Fi) indoor unit ,3,110.00,330.00
    C&H-S09FTX5 Winner Inverter ,1,270.00,270.00
    C&H-S12FTX5 Winner Inverter ,1,290.00,290.00
    CHML-U42NK5 Outdoor Unit ,1,1114.53,1114.53
    CHML-IW18CNK Wall COZY Indoor unit ,3,121.25,363.75
    CH-S24FTXLQ-NG WI-FI Veritas ,2,645.00,1290.00
    CH-M10K7S Portable Conditioner ,1,234.00,234.00
    C&H S09FTXS-W ARCTIC Design Soojuspump ,1,530.00,530.00
    C&H S12FTXHV-B VIP long distance WI-FI ,1,616.50,616.50
    C&H S18FTXHV-B VIP long distance WI-FI ,1,930.00,930.00
    CH-S09FTXAM2S-BL ,1,650.00,650.00
    CH-S12FTXAM2S-SC ,1,670.00,670.00
    CH-S09 FTXLA-NG ,1,355.00,355.00
    C&H S09FTXLA WI-FI Arctic Soojuspump ,1,355.00,355.00
    C&H S12FTXLA WI-FI Arctic Soojuspump ,9,419.44,3775.00
    CH-S12FTXTB2S-W ICY New Long Distance WI-FI Heat Pump ,11,566.09,6227.00
    CH-S18FTXTB2S-W ICY New Long Distance WI-FI Heat Pump ,1,590.00,590.00
    C&H S18FTXHV-B VIP long distance WI-FI ,1,930.00,930.00
    CH-S12FTXAM2S-SC ,1,670.00,670.00
    CH-S09 FTXLA-NG ,15,355.00,5325.00
    CH-S12 FTXLA-NG ,15,415.00,6225.00
    CHML-U18RK2 outdoor unit ,1,495.00,495.00
    CHML-IW09AARK ( Wi-Fi) indoor unit ,2,110.00,220.00
    CHV-5SCW50NK Indoor unit ,2,290.00,580.00
    CHV-5SF140NK Indoor unit ,2,549.92,1099.84
    TD01 ,3,0.06,0.18
    CHV-5SCW45NK Indoor unit ,1,279.00,279.00
    C&H S18FVX CONSOL Soojuspump ,1,565.25,565.25
    CH-S09FTXTB2S-W ICY New Long Distance WI-FI Heat Pump ,1,391.67,391.67
    C&H S12FTXHV-B VIP long distance WI-FI ,1,725.00,725.00
    C&H S09FTXLA WI-FI Arctic Soojuspump ,2,271.67,543.34
    C&H S12FTXLA WI-FI Arctic Soojuspump ,4,352.50,1410.01
    C&H S18FTXLA WI-FI Arctic Soojuspump ,3,585.00,1755.00
    CH-S12FTXTB2S-W ICY New Long Distance WI-FI Heat Pump ,1,531.00,531.00
    C&H S18FTXHV-B VIP long distance WI-FI ,1,883.50,883.50
    CH-S09FTXAM2S-GD ,1,531.67,531.67
    CH-S12FTXAM2S-GD ,1,670.00,670.00
    CH-S18FTXAM2S-GD ,1,750.50,750.50
    CH-S24FTXAM2S-GD ,1,807.50,807.50
    CH-S12FTXAM2S-SC ,1,670.00,670.00
    CH-S09 FTXLA-NG ,3,349.08,1047.25
    CH-S12 FTXLA-NG ,6,411.54,2469.25
    CH-S18 FTXLA-NG ,4,553.44,2213.75
    CH-S24 FTXLA-NG ,1,695.00,695.00
    CH-S18FTXN-NG ,1,584.25,584.25
    CH-S12FTXAM2S-GD ,1,649.90,649.90
    CH-S24 FTXLA-NG ,2,674.15,1348.30
    Transporditeenus / Delivery costs / Lieferung ,19,306.38,5821.20
    CH-S09FVX WI-FI ,6,333.00,1998.00
    CHML-U18NK2 Outdoor Unit ,15,434.33,6515.00
    CHML-ID09NK Canal Indoor unit ,2,139.50,279.00
    CHML-IC12NK Cassette Indoor unit ,10,189.00,1890.00
    CHML-U36NK4 Outdoor Unit ,2,868.50,1737.00
    CH-IC12NK4 Cassette indoor unit ,3,190.17,570.51
    CH-IU12NK4 outdoor unit ,3,282.33,846.99
    CHML-U28NK4 Outdoor Unit ,4,616.50,2466.00
    CHML-U42NK5 Outdoor Unit ,1,922.50,922.50
    CHML-IW07DNK Indoor Unit (Premium Inverter) ,12,103.50,1242.00
    CHML-IW09DNK Indoor Unit (Premium Inverter) ,23,107.10,2463.30
    CHML-IW12DNK Indoor Unit (Premium Inverter) ,8,112.50,900.00
    CHML-IK12NK Console Indoor unit ,2,135.00,270.00
    CH-IC18NK4 Cassette indoor unit ,3,232.44,697.32
    C&H CH-IC24NK4 Cassete ,2,247.09,494.18
    CH-IF24NK4 Indoor unit ,1,210.60,210.60
    CH-IU18NK4  Outdoor unit ,3,474.06,1422.18
    CH-IU24NK4 outdoor unit ,3,615.57,1846.70
    CH 020N ,2,21.00,42.00
    CH 030N ,2,26.00,52.00
    CH-M09K6S Portable Conditioner ,8,159.30,1274.40
    CH-S09FTXTB2S-W ICY New Long Distance WI-FI Heat Pump ,33,459.95,15178.50
    C&H S12FTXHV-B VIP long distance WI-FI ,50,595.00,29750.00
    TA03 frame to ic12NK-IC18NK ,10,0.10,0.98
    TC04 frame ,2,0.10,0.20
    TC03 frame IC18NK4- IC12NK4 ,6,0.10,0.60
    CH-S12FTXTB2S-W ICY New Long Distance WI-FI Heat Pump ,80,454.37,36350.00
    CH-S18FTXTB2S-W ICY New Long Distance WI-FI Heat Pump ,20,455.00,9100.00
    CH 070N ,6,52.00,312.00
    CH-M12K7S Portable Conditioner ,27,229.50,6196.50
    T-MBQ4-03B1 ,18,31.69,570.50
    CH-S12FTXAM2S-BL ,10,531.00,5310.00
    CH-S18FTXAM2S-BL ,3,603.00,1809.00
    CH-S24FTXAM2S-BL ,3,639.00,1917.00
    CH-S09FTXAM2S-GD ,18,513.00,9234.00
    CH-S12FTXAM2S-GD ,20,531.00,10620.00
    CH-S18FTXAM2S-GD ,16,614.25,9828.00
    CH-S24FTXAM2S-GD ,13,652.85,8487.00
    CH-S09FTXAM2S-SC ,21,507.86,10665.00
    CH-S12FTXAM2S-SC ,28,528.43,14796.00
    CH-S18FTXAM2S-SC ,2,621.00,1242.00
    CH-S24FTXAM2S-SC ,9,651.00,5859.00
    CH-S09FTXN-E2wifi ,4,254.70,1018.80
    CH-S12FTXN-E2wifi ,40,276.30,11052.00
    CH-S24FTXN-E2wifi ,1,490.50,490.50
    CH-S18FTXN-E2wifi ,1,416.70,416.70
    CH-S18FTXQ-NG WI-FI Veritas ,10,335.70,3357.00
    CH-S12FTXQ-NG WI-FI Veritas ,60,243.00,14580.00
    CH-FC030K2 ,18,143.98,2591.70
    CH-FW025K2 ,10,84.84,848.36
    CH-FW040K2 ,8,100.57,804.60
    CH-FW050K2 ,8,103.13,825.04
    CH-FW060K2 ,27,112.40,3034.76
    CH-FFC025K2 ,2,147.25,294.50
    CH-FW030K2 ,4,95.46,381.84
    KJR-18B/E-B ,6,23.75,142.50
    CH-S09 FTXLA-NG ,30,264.60,7938.00
    CH-S12 FTXLA-NG ,210,288.00,60480.00
    CH-S18 FTXLA-NG ,8,445.50,3564.00
    CH-S24 FTXLA-NG ,14,532.80,7459.20
    CH-M10K7S Portable Conditioner ,9,197.10,1773.90
    CH-S18FTXN-NG ,5,477.90,2389.50
    CH-S24FTXN-NG ,5,569.70,2848.50
    CHML-U24RK3 outdoor unit ,2,603.00,1206.00
    CHML-IK09RK Indoor unit ,1,141.30,141.30
    CHML-IK12RK indoor unit ,1,146.70,146.70
    C&H CH-IU09NK4 ,1,299.70,299.70
    C&H CH-ID09NK4 ,1,100.80,100.80
    CH-FFC090K2 ,1,227.70,227.70
    CH-S09FVX WI-FI ,1,445.00,445.00
    Honeywell VCZ H6000 3-way Valve ,1,83.33,83.33
    C&H S12FTXHV-B VIP long distance WI-FI ,2,616.50,1233.00
    CH-S18FTXTB2S-W ICY New Long Distance WI-FI Heat Pump ,1,650.00,650.00
    CH-S24FTXTB2S-W ICY New Long Distance WI-FI Heat Pump ,3,737.33,2212.00
    CH-S24FTXAM2S-GD ,1,755.25,755.25
    CH-S12 FTXLA-NG ,1,415.00,415.00
    CH- HP 10 SINK2 Air to Water (I)+(O) ,1,2263.00,2263.00
    CH- HP 14 SINM2 Air to Water (I)+(O) ,1,2530.00,2530.00
    C&H CH-D008WDP6-20LD Portable Dehumidifier ,1,185.00,185.00
    CH-S09FTXTB2S-W ICY New Long Distance WI-FI Heat Pump ,3,496.25,1488.75
    CH-S12FTXTB2S-W ICY New Long Distance WI-FI Heat Pump ,7,517.46,3622.25
    CH-S18FTXTB2S-W ICY New Long Distance WI-FI Heat Pump ,4,548.10,2192.40
    CH-S12 FTXLA-NG ,1,373.50,373.50
    Transporditeenus / Delivery costs / Lieferung ,2,16.50,33.00
    C&H S12FTXS-W ARCTIC Design Soojuspump ,1,552.08,552.08
    Advertising. Promotional Marketing ,1,1000.00,1000.00
    CHML-U18NK2 Outdoor Unit ,8,470.93,3767.45
    CHML-IC12NK Cassette Indoor unit ,6,217.92,1307.55
    CHML-IC18NK Cassette Indoor unit ,3,235.00,705.00
    CHML-U36NK4 Outdoor Unit ,1,1079.00,1079.00
    CHML-U24NK3 Outdoor Unit ,2,729.00,1458.00
    CHML-U28NK4 Outdoor Unit ,1,759.00,759.00
    CHML-U42NK5 Outdoor Unit ,6,1121.36,6728.16
    CHML-IW18DNK Indoor Unit (Premium Inverter) ,1,165.00,165.00
    CHML-IW07DNK Indoor Unit (Premium Inverter) ,3,121.00,363.00
    CHML-IW09DNK Indoor Unit (Premium Inverter) ,1,112.50,112.50
    CHML-IW12DNK Indoor Unit (Premium Inverter) ,11,133.00,1463.01
    CHML-IW18INK DC Inverter Indoor Unit ,2,125.00,250.00
    CHML-U14NK2 Outdoor Unit ,1,489.00,489.00
    CHML-IK12NK Console Indoor unit ,1,149.44,149.44
    CHML-IW09VNK Indoor Unit VIP ,2,227.17,454.35
    TA03 frame to ic12NK-IC18NK ,9,0.08,0.72
    C&H S12FTXLA WI-FI Arctic Soojuspump ,2,420.00,840.00
    CHML-IW18VNK Indoor Unit VIP ,1,245.00,245.00
    CH-S18FTXTB2S-W ICY New Long Distance WI-FI Heat Pump ,1,585.00,585.00
    CH-S24FTXTB2S-W ICY New Long Distance WI-FI Heat Pump ,4,790.00,3160.00
    CHML-IW12ACNK Indoor Unit  WI-FI ,4,120.00,480.00
    CHML-IW12AANK Indoor Unit  WI-FI ,15,110.83,1662.50
    CHML-IW18AANK WI-FI Indoor Unit ,2,146.25,292.50
    CHML-IW18ACNKWI-FI Indoor unit ,2,150.00,300.00
    CHML-IW09AANK Indoor Unit  WI-FI ,3,107.69,323.08
    CH-S07FTXE Alpha Inverter (without WI-FI) ,1,275.00,275.00
    CH CF122 Wired controller ,1,138.58,138.58
    C&H HP 36CMFNM Air to Water ,1,4379.58,4379.58
    CH-M12K7S Portable Conditioner ,1,257.00,257.00
    T-MBQ4-03B1 ,9,41.00,369.00
    CH-S24FTXN-E2wifi ,10,500.00,5000.00
    CH-S24FTXLQ-NG WI-FI Veritas ,1,624.72,624.72
    CTC Basic Display+ cable 1m ,2,80.00,160.00
    Pump stratos tec 25/7 CPL ,1,138.72,138.72
    CTC GS8+I&S GS6+8 3x400V EU/ GEO DHW 8 ,1,4218.86,4218.86
    CTC Ecopart 412 + I&S Ecopart 400 EU/ NDGeo Base 412 ,3,3043.77,9131.30
    CTC Ecologic Pro V4 + I&S Ecologic pro EU/ND Logic Pro ,5,510.38,2551.90
    CH-S09FTXQ-NG WI-FI Veritas ,1,295.00,295.00
    C&H HP 16 SINM2 Air to Water (I+O) ,7,2694.31,18860.17
    CH-S18FTXE-NG WI-FI Alpha Inverter ,1,445.00,445.00
    CH-HP 12 SINM2 Air to Water (I)+(O) ,3,2603.33,7810.00
    CTC GSi 12+I&S GSi12 ,4,5172.75,20691.00
    CTC Ecopart 408 + I&S Ecopart 400 EU ,1,3100.00,3100.00
    CTC Ecoair 510M+ I&S Ecoair 510 3x400 EU ,1,3554.10,3554.10
    CTC GS 6+I&S GS 6-8 3x400V Eu ,1,3997.00,3997.00
    CH-S09 FTXLA-NG ,2,355.00,710.00
    CH-S12 FTXLA-NG ,5,407.00,2035.00
    CH-S18 FTXLA-NG ,3,575.00,1725.00
    CH-S24 FTXLA-NG ,4,677.62,2710.50
    CH- HP 8.0 SINK2 Air to Water (I)+(O) ,1,2162.00,2162.00
    CTC Ecopart 410 + I&S Ecopart 400 EU/ GEO BASE 410 ,2,3039.55,6079.10
    CTC Ecopart 417 + I&S Ecopart 400 EU ,1,3456.90,3456.90
    CH-FC050K2 ,9,203.00,1827.00
    TC03 ,2,0.08,0.16
    CHML-U21RK3 outdoor unit ,1,655.00,655.00
    CHML-IC12RK Indoor unit ,2,229.92,459.84
    CTC Ecoair 622M/ NDAir Inverter 22+ I&S Ecoair 600 3x400EU ,4,4053.00,16212.00
    heat cable PHC-16GR ,3,apr.50,13.50
    3x1.0BVV-LL Cable ,3,0.33,0.99
    Termo tube 16/5-1m with glue ,1,veebr.83,veebr.83
    Butt connector with thermo tube red. ,3,0.25,0.75
    ELDA socket w/e G-type W50K01 ,2,0.75,jaan.50
    Universal connector 3V ,50,0.29,14.50
    WAGO Univer.Connector 3V ,30,0.50,15.00
    UPS 1000VA ,1,70.42,70.42
    Soldering-iron PPR 20-63mm ,1,39.83,39.83
    CTC Ecologic Family V4 + I&S Ecologic pro/familyEU/ ND Logic ,2,545.00,1090.00
    CTC BMS/Internet ,1,109.08,109.08
    CTC charge pump25/85-130 ,3,142.92,428.76
    Heat.cable-condesing tube 5 m ,4,51.57,206.28
    givare 22K L2500 ,6,mai.48,32.88
    CHML-U42NK5 Outdoor Unit ,1,1149.00,1149.00
    C&H CH-IC24NK4 Cassete ,1,272.17,272.17
    CH-IU24NK4 outdoor unit ,1,700.83,700.83
    C&H S12FTXHV-B VIP long distance WI-FI ,1,890.00,890.00
    CHML-IW12VNK Indoor Unit VIP ,4,239.00,956.00
    TC04 frame ,1,0.08,0.08
    C&H S12FTXLA WI-FI Arctic Soojuspump ,1,425.00,425.00
    C&H S09FTXHV-B VIP long distance WI-FI ,1,870.00,870.00
    CH-S12FTXTB2S-W ICY New Long Distance WI-FI Heat Pump ,3,550.67,1652.00
    Waeco -U32(12V/230V) kulmik ,1,41.67,41.67
    CH-S18FTXAM2S-GD ,1,790.00,790.00
    CH-S18FTXQ-NG WI-FI Veritas ,2,445.00,890.00
    C&H HP 16 SINM2 Air to Water (I+O) ,1,2615.00,2615.00
    CH-S12 FTXLA-NG ,2,415.00,830.00
    CH-S18 FTXLA-NG ,1,575.00,575.00
    CH-S24FTXN-NG ,1,735.00,735.00
    C&H CH-IC24NK4 Cassete ,10,240.30,2403.00
    CH-IU24NK4 outdoor unit ,10,550.80,5508.00
    CH-S09FTXTB2S-W ICY New Long Distance WI-FI Heat Pump ,5,517.00,2585.00
    C&H CH-D007WD2 Mobile  Dehumidifier ,1,99.00,99.00
    C&H CH-D016WDP6 Portable Dehumidifier ,1,175.00,175.00
    TC04 frame ,10,0.08,0.80
    C&H S09FTXHV-B VIP long distance WI-FI ,3,617.50,1852.50
    CH-S12FTXTB2S-W ICY New Long Distance WI-FI Heat Pump ,5,554.60,2773.00
    CH-S18FTXTB2S-W ICY New Long Distance WI-FI Heat Pump ,1,585.00,585.00
    CH-M12K7S Portable Conditioner ,3,267.67,803.00
    CH-S12FTXAM2S-BL ,2,660.00,1320.00
    CH-S09FTXAM2S-GD ,1,650.00,650.00
    CH-S12FTXAM2S-GD ,2,647.50,1295.00
    CH-S18FTXAM2S-GD ,2,753.62,1507.25
    CH-S09FTXAM2S-SC ,1,650.00,650.00
    CH-S24FTXAM2S-SC ,1,850.00,850.00
    CH-S09FTXE-NG WI-FI Alpha Inverter ,1,295.00,295.00
    CH-S09 FTXLA-NG ,6,355.00,2130.00
    CH-S12 FTXLA-NG ,8,412.41,3299.25
    Transporditeenus / Delivery costs / Lieferung ,2,62.50,125.00
    CHML-U28NK4 Outdoor Unit ,1,685.00,685.00
    CHML-IW12VNK Indoor Unit VIP ,3,225.00,675.00
    C&H S09FTXLA WI-FI Arctic Soojuspump ,1,303.00,303.00
    C&H S12FTXLA WI-FI Arctic Soojuspump ,9,330.00,2970.00
    CHML-IW12AANK Indoor Unit  WI-FI ,2,113.00,226.00
    CHML-IW09AANK Indoor Unit  WI-FI ,1,107.00,107.00
    CH-S12FTXAM2S-BL ,3,576.67,1730.00
    CH-S18FTXAM2S-BL ,1,690.00,690.00
    CH-S09FTXAM2S-GD ,1,550.00,550.00
    CH-S12FTXAM2S-GD ,1,570.00,570.00
    CH-S12FTXAM2S-SC ,2,570.00,1140.00
    CH-S18FTXAM2S-SC ,1,690.00,690.00
    CH-S18FTXN-E2wifi ,2,463.00,926.00
    CH-S12 FTXLA-NG ,8,320.00,2560.00
    CH-S18 FTXLA-NG ,2,495.00,990.00
    CH-S24 FTXLA-NG ,3,592.00,1776.00
    Marketing bonus ,1,-460.00,-460.00
    CHML-U24RK3 outdoor unit ,1,670.00,670.00
    CH-M10K7S Portable Conditioner ,5,234.00,1170.00
    CH-S09FVX WI-FI ,1,445.00,445.00
    C4TS Simply Silent Extract Fan ,-1,27.72,-27.72
    C4HTS Simply Silent Extract Fan ,-1,38.37,-38.37
    C4R Simply Silent Extract Fan ,-1,24.87,-24.87
    C4TR Simply Silent Extract Fan ,-1,27.72,-27.72
    C&H S12FTXLA WI-FI Arctic Soojuspump ,1,425.00,425.00
    CH-S12FTXTB2S-W ICY New Long Distance WI-FI Heat Pump ,1,590.00,590.00
    CH-S09FTXAM2S-BL ,1,650.00,650.00
    CH-S09FTXQ-NG WI-FI Veritas ,1,295.00,295.00
    CH-S09 FTXLA-NG ,3,355.00,1065.00
    CH-S12 FTXLA-NG ,5,415.00,2075.00
    CH-S18 FTXLA-NG ,3,575.00,1725.00
    CH- HP 8.0 SINK2 Air to Water (I)+(O) ,1,2162.00,2162.00
    Transporditeenus / Delivery costs / Lieferung ,6,16.67,100.00
    CH-S12FTXTB2S-W ICY New Long Distance WI-FI Heat Pump ,2,560.50,1121.00
    CH-S18FTXTB2S-W ICY New Long Distance WI-FI Heat Pump ,1,585.00,585.00
    CH-S09FTXAM2S-BL ,1,650.00,650.00
    CH-S12FTXAM2S-BL ,2,670.00,1340.00
    CH-S12FTXAM2S-GD ,3,670.00,2010.00
    CH-S12 FTXLA-NG ,1,415.00,415.00
    C&H S09FTXHV-B VIP long distance WI-FI ,1,513.00,513.00
    CH-S09FVX WI-FI ,1,400.50,400.50
    CHML-U18NK2 Outdoor Unit ,2,436.62,873.25
    CHML-IK12NK Console Indoor unit ,1,137.50,137.50
    C&H CH-IC24NK4 Cassete ,1,240.30,240.30
    CH-IU24NK4 outdoor unit ,1,550.80,550.80
    CHML-U21NK3 Outdoor Unit ,1,625.67,625.67
    CHML-IW09VNK Indoor Unit VIP ,2,209.70,419.40
    TC04 frame ,1,0.07,0.07
    C&H S09FTXLA WI-FI Arctic Soojuspump ,1,271.67,271.67
    C&H S12FTXLA WI-FI Arctic Soojuspump ,2,331.67,663.34
    CH-S12FTXTB2S-W ICY New Long Distance WI-FI Heat Pump ,5,484.10,2420.50
    CH-S18FTXTB2S-W ICY New Long Distance WI-FI Heat Pump ,1,499.50,499.50
    CHML-IW18ACNKWI-FI Indoor unit ,1,127.50,127.50
    CHML-IW09AANK Indoor Unit  WI-FI ,2,93.50,187.00
    CH-S12FTXAM2S-BL ,1,585.00,585.00
    CH-S24FTXAM2S-BL ,2,765.00,1530.00
    CH-S12FTXAM2S-GD ,4,590.62,2362.50
    CH-S09FTXAM2S-SC ,1,553.50,553.50
    CH-S12FTXAM2S-SC ,4,581.62,2326.50
    CH-S18FTXAM2S-SC ,1,671.50,671.50
    CH-S09FTXN-E2wifi ,1,310.50,310.50
    CH-S12FTXN-E2wifi ,2,321.67,643.34
    CH-S18FTXN-E2wifi ,2,411.67,823.34
    CH-S24FTXLQ-NG WI-FI Veritas ,1,580.50,580.50
    CH-S09FTXQ-NG WI-FI Veritas ,1,250.75,250.75
    CH-S12FTXQ-NG WI-FI Veritas ,4,292.50,1170.00
    CH-S12FTXE-NG WI-FI Alpha Inverter ,1,292.50,292.50
    CH-S09 FTXLA-NG ,3,313.58,940.75
    CH-S12 FTXLA-NG ,4,368.31,1473.25
    CH-S18 FTXLA-NG ,2,488.75,977.50
    CH-S09FVX WI-FI ,4,342.50,1370.00
    CH- S12FVX WI-FI ,3,346.67,1040.00
    CHML-U18NK2 Outdoor Unit ,5,450.00,2250.00
    CHML-IC12NK Cassette Indoor unit ,13,190.62,2478.00
    CHML-IC18NK Cassette Indoor unit ,3,198.00,594.00
    CHML-U36NK4 Outdoor Unit ,4,868.50,3474.00
    CH-IC12NK4 Cassette indoor unit ,4,178.25,713.00
    CH-IU12NK4 outdoor unit ,4,334.56,1338.25
    CHML-U24NK3 Outdoor Unit ,1,622.25,622.25
    CHML-U28NK4 Outdoor Unit ,2,650.75,1301.50
    CH-IU36NM4 Outdoor unit ,1,940.12,940.12
    CHML-U42NK5 Outdoor Unit ,1,922.50,922.50
    CHML-IW07DNK Indoor Unit (Premium Inverter) ,3,109.25,327.75
    Spare Parts ,1,36.00,36.00
    CHML-U14NK2 Outdoor Unit ,1,440.00,440.00
    CH-IC18NK4 Cassette indoor unit ,4,212.74,850.97
    C&H CH-IC24NK4 Cassete ,2,213.30,426.60
    CH-IU18NK4  Outdoor unit ,4,533.01,2132.03
    CH-IU24NK4 outdoor unit ,2,641.70,1283.40
    CH-IU48NM4 Outdoor unit ,2,1013.76,2027.52
    CHML-U21NK3 Outdoor Unit ,1,565.25,565.25
    CH-S09FTXTB2S-W ICY New Long Distance WI-FI Heat Pump ,6,463.50,2781.00
    C&H S12FTXHV-B VIP long distance WI-FI ,1,763.62,763.62
    CH-IC36NK4 Cassette indoor unit ,1,401.95,401.95
    TA03 frame to ic12NK-IC18NK ,9,0.09,0.81
    TC04 frame ,3,0.09,0.28
    C&H S12FTXLA WI-FI Arctic Soojuspump ,10,297.00,2970.00
    C&H S24FTXLA  WI-FI Arctic Soojuspump ,6,549.00,3294.00
    TC03 frame IC18NK4- IC12NK4 ,8,0.09,0.76
    CH-S12FTXTB2S-W ICY New Long Distance WI-FI Heat Pump ,55,489.53,26924.00
    CH-S18FTXTB2S-W ICY New Long Distance WI-FI Heat Pump ,68,528.35,35928.00
    CH-S24FTXTB2S-W ICY New Long Distance WI-FI Heat Pump ,23,675.24,15530.50
    CHML-IW12AANK Indoor Unit  WI-FI ,4,107.35,429.40
    CHML-IW18AANK WI-FI Indoor Unit ,1,128.70,128.70
    CHML-IW09AANK Indoor Unit  WI-FI ,11,104.08,1144.90
    CH-S09FTXQ WI-FI Veritas ,1,265.00,265.00
    CH-S24FTXQ WI-FI Veritas ,8,527.36,4218.90
    TA03 frame ,7,0.09,0.63
    CH-M12K7S Portable Conditioner ,1,247.00,247.00
    CH-S09FTXAM2S-BL ,3,501.00,1503.00
    CH-S12FTXAM2S-BL ,7,515.57,3609.00
    CH-S24FTXAM2S-BL ,1,639.00,639.00
    CH-S12FTXAM2S-GD ,9,531.56,4784.00
    CH-S18FTXAM2S-GD ,3,644.00,1932.00
    CH-S24FTXAM2S-GD ,4,645.82,2583.27
    CH-S12FTXAM2S-SC ,2,513.00,1026.00
    CH-S18FTXAM2S-SC ,1,621.00,621.00
    CH-S24FTXAM2S-SC ,3,636.09,1908.27
    CH-S12FTXN-E2wifi ,3,276.30,828.90
    CH-S18FTXN-E2wifi ,3,416.70,1250.10
    CH-S24FTXLQ-NG WI-FI Veritas ,26,510.73,13278.90
    CH-S18FTXQ-NG WI-FI Veritas ,23,353.86,8138.70
    CH-S09FTXQ-NG WI-FI Veritas ,21,230.95,4850.00
    CH-S12FTXQ-NG WI-FI Veritas ,20,243.00,4860.00
    CHML-IW07AANK Indoor Unit ,2,103.00,206.00
    CH-S09FTXE-NG WI-FI Alpha Inverter ,24,222.71,5345.07
    CH-S12FTXE-NG WI-FI Alpha Inverter ,20,241.02,4820.45
    CH-S18FTXE-NG WI-FI Alpha Inverter ,10,351.00,3510.00
    CH-S24FTXQ-NG WI-FI Veritas R32 ,5,539.00,2695.00
    CH-S09 FTXLA-NG ,12,262.81,3153.67
    CH-S12 FTXLA-NG ,71,288.06,20452.50
    CH-S18 FTXLA-NG ,16,445.50,7128.00
    CH-S24 FTXLA-NG ,18,528.86,9519.52
    CH- HP 14 SINM2 Air to Water (I)+(O) ,1,2277.00,2277.00
    CH-ID09NK4 indoor unit ,1,122.00,122.00
    CH-IU09NK4 Outdoor unit ,1,323.00,323.00
    CH-ID48NK4 indoor unit ,2,322.74,645.48
    CHML-U21RK3 outdoor unit ,1,544.50,544.50
    CHML-IW09AARK ( Wi-Fi) indoor unit ,1,99.00,99.00
    CHML-IW18AARK ( Wi-Fi) indoor unit ,1,130.50,130.50
    Transporditeenus / Delivery costs / Lieferung ,3,18.33,54.99
    CH-S09FTXTB2S-W ICY New Long Distance WI-FI Heat Pump ,2,391.67,783.34
    C&H S09FTXHV-B VIP long distance WI-FI ,11,519.70,5716.67
    CH-S18FTXTB2S-W ICY New Long Distance WI-FI Heat Pump ,1,437.67,437.67
    CH-S12FTXAM2S-SC ,4,670.00,2680.00
    CH-S18FTXAM2S-SC ,2,790.00,1580.00
    CH-S09 FTXLA-NG ,2,355.00,710.00
    CH-S12 FTXLA-NG ,2,415.00,830.00
    C&H S24FTXN NORDIC Soojuspump ,1,500.00,500.00
    CH-S12 FTXLA-NG ,3,415.00,1244.99
    CH-S09FTXTB2S-W ICY New Long Distance WI-FI Heat Pump ,1,451.25,451.25
    C&H S12FTXHV-B VIP long distance WI-FI ,-1,650.75,-650.75
    C&H S09FTXLA WI-FI Arctic Soojuspump ,28,337.25,9443.00
    C&H S12FTXLA WI-FI Arctic Soojuspump ,2,394.25,788.50
    C&H S09FTXHV-B VIP long distance WI-FI ,1,636.50,636.50
    CH-S12FTXTB2S-W ICY New Long Distance WI-FI Heat Pump ,0, , 
    CH-S18FTXTB2S-W ICY New Long Distance WI-FI Heat Pump ,1,494.95,494.95
    C&H S18FTXHV-B VIP long distance WI-FI ,-1,683.05,-683.05
    CH-S09FTXN-E ,-1,295.45,-295.45
    CH-S12FTXAM2S-BL ,1,603.25,603.25
    CH-S12FTXAM2S-GD ,1,603.25,603.25
    CH-S09FTXAM2S-SC ,2,599.62,1199.25
    CH-S12FTXAM2S-SC ,2,603.25,1206.50
    Transporditeenus / Delivery costs / Lieferung ,39,25.20,982.92
    Advertising. Promotional Marketing ,1,800.00,800.00
    CHML-U18NK2 Outdoor Unit ,2,499.00,998.00
    CH-IU36NM4 Outdoor unit ,1,1127.17,1127.17
    CHML-IW09DNK Indoor Unit (Premium Inverter) ,4,125.00,500.00
    CH-S09FTXTB2S-W ICY New Long Distance WI-FI Heat Pump ,2,522.50,1045.00
    C&H S12FTXHV-B VIP long distance WI-FI ,4,609.08,2436.34
    CH-IC36NK4 Cassette indoor unit ,1,325.83,325.83
    TC04 frame ,1,0.08,0.08
    C&H S09FTXLA WI-FI Arctic Soojuspump ,3,330.56,991.67
    C&H S09FTXHV-B VIP long distance WI-FI ,18,522.12,9398.15
    CH-S12FTXTB2S-W ICY New Long Distance WI-FI Heat Pump ,14,530.24,7423.34
    CH-S18FTXTB2S-W ICY New Long Distance WI-FI Heat Pump ,6,557.56,3345.34
    CH-S24FTXTB2S-W ICY New Long Distance WI-FI Heat Pump ,1,595.67,595.67
    C&H S18FTXHV-B VIP long distance WI-FI ,3,663.45,1990.34
    Waeco -U32(12V/230V) kulmik ,10,33.00,330.00
    CH-S09FTXAM2S-GD ,2,630.00,1260.00
    CH-S12FTXAM2S-GD ,7,659.29,4615.00
    CH-S18FTXAM2S-GD ,5,729.95,3649.75
    CH-S24FTXAM2S-GD ,6,845.00,5070.00
    CH-S12FTXAM2S-SC ,5,640.60,3203.00
    CH-S18FTXAM2S-SC ,9,787.78,7090.00
    CH-S24FTXAM2S-SC ,7,850.00,5950.00
    CH-S12FTXN-E2wifi ,2,405.00,810.00
    CH-S09 FTXLA-NG ,2,355.00,710.00
    CH-S12 FTXLA-NG ,14,401.30,5618.25
    CH-S24 FTXLA-NG ,6,689.21,4135.25
    CH-S18FTXN-NG ,1,615.00,615.00
    Transporditeenus / Delivery costs / Lieferung ,4,19.50,78.00
    C&H S12FTXHV-B VIP long distance WI-FI ,1,616.50,616.50
    C&H S09FTXLA WI-FI Arctic Soojuspump ,2,355.00,710.00
    C&H S09FTXHV-B VIP long distance WI-FI ,3,617.58,1852.75
    CH-S24FTXTB2S-W ICY New Long Distance WI-FI Heat Pump ,9,688.75,6198.75
    CH-S12FTXAM2S-GD ,1,670.00,670.00
    CH-S18FTXAM2S-SC ,3,790.00,2370.00
    CH-S09 FTXLA-NG ,1,355.00,355.00
    CH-S12 FTXLA-NG ,2,404.62,809.25
    CH-M10K7S Portable Conditioner ,1,234.00,234.00
    CH-S09FVX WI-FI ,1,422.75,422.75
    C&H S18FVX CONSOL Soojuspump ,2,559.59,1119.19
    CHML-U18NK2 Outdoor Unit ,4,469.31,1877.24
    CHML-U36NK4 Outdoor Unit ,1,1004.55,1004.55
    CHML-U24NK3 Outdoor Unit ,1,692.55,692.55
    CHML-U28NK4 Outdoor Unit ,1,706.63,706.63
    CHML-IW09DNK Indoor Unit (Premium Inverter) ,8,117.56,940.50
    CHML-IW12DNK Indoor Unit (Premium Inverter) ,8,121.67,973.37
    CHML-IC24NK Cassette Indoor unit ,1,265.33,265.33
    CH-S09FTXTB2S-W ICY New Long Distance WI-FI Heat Pump ,25,502.77,12569.15
    C&H S12FTXHV-B VIP long distance WI-FI ,1,828.59,828.59
    TB04 frame to IC24NK ,1,0.08,0.08
    C&H S09FTXLA WI-FI Arctic Soojuspump ,4,346.75,1387.00
    C&H S12FTXLA WI-FI Arctic Soojuspump ,3,403.75,1211.25
    C&H S09FTXHV-B VIP long distance WI-FI ,4,804.01,3216.03
    CH-S12FTXTB2S-W ICY New Long Distance WI-FI Heat Pump ,21,542.94,11401.75
    CH-S18FTXTB2S-W ICY New Long Distance WI-FI Heat Pump ,34,606.34,20615.40
    C&H S18FTXHV-B VIP long distance WI-FI ,3,871.72,2615.16
    CHML-IW12AANK Indoor Unit  WI-FI ,1,111.72,111.72
    CH-M12K7S Portable Conditioner ,5,250.23,1251.15
    CH-S09FTXAM2S-BL ,7,612.21,4285.45
    CH-S12FTXAM2S-BL ,9,626.60,5639.39
    CH-S24FTXAM2S-BL ,4,791.35,3165.40
    CH-S09FTXAM2S-GD ,3,602.93,1808.80
    CH-S12FTXAM2S-GD ,3,617.56,1852.69
    CH-S18FTXAM2S-GD ,1,735.49,735.49
    CH-S09FTXAM2S-SC ,4,605.15,2420.60
    CH-S12FTXAM2S-SC ,6,623.80,3742.81
    CH-S09 FTXLA-NG ,187,332.13,62107.91
    CH-S12 FTXLA-NG ,48,372.74,17891.41
    CH-S18 FTXLA-NG ,46,537.94,24745.08
    CH-S24 FTXLA-NG ,6,653.65,3921.88
    alused ,96,9.mai,868.96
    CH-S18FTXN-NG ,2,572.56,1145.12
    CHML-U18RK2 outdoor unit ,3,460.84,1382.53
    CHML-U24RK3 outdoor unit ,1,674.97,674.97
    CHML-IW09AARK ( Wi-Fi) indoor unit ,2,102.41,204.82
    CHML-IW12AARK ( Wi-Fi) indoor unit ,2,111.72,223.44
    CH-M12K7S Portable Conditioner ,1,273.00,273.00
    Transporditeenus / Delivery costs / Lieferung ,12,19.95,239.35
    Honeywell VCZ H6000 3-way Valve ,1,99.75,99.75
    C&H S09FTXLA WI-FI Arctic Soojuspump ,2,318.33,636.67
    C&H S12FTXLA WI-FI Arctic Soojuspump ,3,425.00,1275.00
    CH-S12FTXTB2S-W ICY New Long Distance WI-FI Heat Pump ,1,560.50,560.50
    CH-S18FTXTB2S-W ICY New Long Distance WI-FI Heat Pump ,1,555.00,555.00
    CH-M12K7S Portable Conditioner ,1,273.00,273.00
    CH-S09FTXN-E ,1,355.00,355.00
    CH-S12FTXAM2S-BL ,2,636.50,1273.00
    CH-S24FTXAM2S-BL ,1,807.50,807.50
    CH-S24FTXAM2S-GD ,1,807.50,807.50
    CH-S09FTXN-E2wifi ,2,355.00,710.00
    CH-S09FTXQ-NG WI-FI Veritas ,2,280.25,560.50
    C&H HP 16 SINM2 Air to Water (I+O) ,4,2484.25,9937.00
    CH-S09 FTXLA-NG ,10,347.90,3479.00
    CH-S12 FTXLA-NG ,14,403.14,5644.00
    CH-S18 FTXLA-NG ,3,555.83,1667.50
    CH-S24 FTXLA-NG ,3,671.83,2015.50
    C&H CH-D011WD7-26LD Mobile Dehumidifier ,1,143.45,143.45
    CH-S18FTXN-NG ,1,615.00,615.00
    CHML-U24NK3 Outdoor Unit ,3,434.32,1302.97
    C&H CH-D008WDP6 Portable Dehumidifier ,5,120.74,603.68
    C&H S12FTXHV-B VIP long distance WI-FI ,20,474.67,9493.31
    C&H CH-D016WDP6 Portable Dehumidifier ,5,132.08,660.40
    C&H S24FTXLA  WI-FI Arctic Soojuspump ,37,443.26,16400.59
    CH-S24FTXTB2S-W ICY New Long Distance WI-FI Heat Pump ,20,469.86,9397.26
    C&H S18FTXHV-B VIP long distance WI-FI ,30,562.86,16885.79
    CHML-IW12AANK Indoor Unit  WI-FI ,2,71.91,143.83
    CHML-IW09AANK Indoor Unit  WI-FI ,1,67.07,67.07
    C&H S07XN7 PRIMA ,10,116.61,1166.11
    C&H S09XN7 PRIMA ,120,129.02,15481.95
    C&H S12XN7 PRIMA ,120,133.73,16047.62
    C&H S18XN7 PRIMA ,46,176.89,8136.99
    C&H S24XN7 PRIMA ,70,283.91,19873.54
    CH-D60NK2 Indoor Unit ,4,228.67,914.67
    CH-U60NM2 Outdoor Unit ,4,558.34,2233.36
    CH-S12FTXAM2S-BL ,4,440.25,1760.99
    CH-S18FTXAM2S-BL ,5,516.29,2581.44
    CH-S24FTXAM2S-BL ,5,549.91,2749.54
    CH-S18FTXAM2S-GD ,5,516.29,2581.44
    CH-S24FTXAM2S-GD ,5,549.91,2749.54
    CH-S18FTXAM2S-SC ,5,516.29,2581.44
    CH-S24FTXAM2S-SC ,5,549.91,2749.54
    CH-175HWN1 Rooftop ,3,6945.01,20835.03
    CH-FFC035K2 ,13,122.56,1593.27
    KJR-18B/E-B ,13,17.95,233.35
    CH-FDH035K2 ,1,87.82,87.82
    C&H S18FVX CONSOL Soojuspump ,1,565.25,565.25
    CH-S09FTXTB2S-W ICY New Long Distance WI-FI Heat Pump ,13,493.52,6415.75
    CH-S12FTXTB2S-W ICY New Long Distance WI-FI Heat Pump ,5,520.97,2604.85
    CH-S24FTXTB2S-W ICY New Long Distance WI-FI Heat Pump ,2,730.75,1461.50
    CH-S07FTXQ Veritas ,1,261.25,261.25
    CH-S09FTXE-NG WI-FI Alpha Inverter ,1,280.25,280.25
    CH-S09 FTXLA-NG ,10,337.25,3372.50
    CH-S12 FTXLA-NG ,13,394.25,5125.25
    CH-S09FVX WI-FI ,1,445.00,445.00
    C&H S18FVX CONSOL Soojuspump ,1,595.00,595.00
    CHML-U24NK3 Outdoor Unit ,2,656.10,1312.20
    CHML-U28NK4 Outdoor Unit ,2,732.61,1465.23
    CHML-IW18DNK Indoor Unit (Premium Inverter) ,1,148.50,148.50
    Spare Parts ,1,115.00,115.00
    CHML-IK12NK Console Indoor unit ,1,165.00,165.00
    CH-S09FTXTB2S-W ICY New Long Distance WI-FI Heat Pump ,7,496.14,3473.00
    CHML-IW09VNK Indoor Unit VIP ,3,233.00,699.00
    CHML-IW12VNK Indoor Unit VIP ,4,223.46,893.86
    C&H S09FTXLA WI-FI Arctic Soojuspump ,5,365.00,1825.00
    C&H S12FTXLA WI-FI Arctic Soojuspump ,1,425.00,425.00
    C&H S09FTXHV-B VIP long distance WI-FI ,1,513.00,513.00
    CH-S12FTXTB2S-W ICY New Long Distance WI-FI Heat Pump ,12,569.84,6838.10
    CH-S18FTXTB2S-W ICY New Long Distance WI-FI Heat Pump ,5,588.03,2940.17
    CH-S24FTXTB2S-W ICY New Long Distance WI-FI Heat Pump ,1,711.00,711.00
    CH-S07FTXQ Veritas ,2,275.00,550.00
    CH-S12FTXAM2S-BL ,2,659.95,1319.90
    CH-S18FTXAM2S-BL ,2,766.30,1532.60
    CH-S12FTXAM2S-GD ,3,645.43,1936.30
    CH-S18FTXQ-NG WI-FI Veritas ,2,415.00,830.00
    CH-S18FTXE-NG WI-FI Alpha Inverter ,1,445.00,445.00
    CH-S09 FTXLA-NG ,1,355.00,355.00
    CH-S12 FTXLA-NG ,14,405.22,5673.05
    CH-S18 FTXLA-NG ,16,554.16,8866.50
    CH-S24 FTXLA-NG ,2,642.87,1285.75
    CH-S18FTXN-NG ,1,615.00,615.00
    CHML-U18NK2 Outdoor Unit ,2,374.64,749.28
    CH-U24NK2 Outdoor Unit ,1,325.57,325.57
    CHML-IW12CNK Wall COZY Indoor unit ,12,91.77,1101.20
    CHML-U36NK4 Outdoor Unit ,1,774.54,774.54
    CH-IU12NK4 outdoor unit ,6,346.04,2076.23
    CHML-U24NK3 Outdoor Unit ,5,543.02,2715.10
    CHML-U28NK4 Outdoor Unit ,2,568.28,1136.56
    CHML-U42NK5 Outdoor Unit ,2,812.42,1624.85
    CHML-IW18CNK Wall COZY Indoor unit ,2,101.87,203.74
    CH-IC18NK4 Cassette indoor unit ,1,257.88,257.88
    CH-IU18NK4  Outdoor unit ,1,451.51,451.51
    C&H CH-D24NK2 Indoor Unit ,1,153.36,153.36
    CH-U24NK2 Outdoor Unit ,1,316.84,316.84
    CH-M09K6S Portable Conditioner ,2,162.78,325.57
    CH-S09FTXE WI-FI Alpha Inverter ,25,219.94,5498.39
    CH-S12FTXE WI-FI Alpha Inverter ,11,230.69,2537.58
    CH-S18FTXE WI-FI Alpha Inverter ,9,314.07,2826.61
    CH-S09FTXTB2S-W ICY New Long Distance WI-FI Heat Pump ,2,442.94,885.88
    C&H CH-D007WD2 Mobile  Dehumidifier ,5,96.82,484.09
    TC04 frame ,1,0.08,0.08
    TC03 frame IC18NK4- IC12NK4 ,1,0.09,0.09
    CHML-IW18AANK WI-FI Indoor Unit ,1,126.28,126.28
    CHML-IW09AANK Indoor Unit  WI-FI ,6,95.13,570.80
    CH-S07FTXE Alpha Inverter (without WI-FI) ,5,159.79,798.93
    C&H S07XN7 PRIMA ,13,121.76,1582.88
    C&H S09XN7 PRIMA ,10,149.46,1494.62
    C&H S18XN7 PRIMA ,3,286.94,860.81
    C&H S24XN7 PRIMA ,2,289.56,579.12
    CH-M12K7S Portable Conditioner ,2,230.46,460.93
    CH-S09FTXN-E2wifi ,5,231.16,1155.81
    CH-S12FTXN-E2wifi ,5,247.38,1236.92
    CH-S18FTXN-E2wifi ,4,377.16,1508.64
    CH-S24FTXLQ-NG WI-FI Veritas ,4,494.48,1977.94
    CH-S18FTXQ-NG WI-FI Veritas ,6,355.44,2132.67
    CH-S12FTXE-NG WI-FI Alpha Inverter ,8,240.71,1925.67
    CH-C24NK2 Indoor Unit ,1,194.19,194.19
    CH-IF12NK4  Indoor unit ,6,108.78,652.68
    CH-S09 FTXLA-NG ,6,269.35,1616.09
    CH-S12 FTXLA-NG ,10,291.82,2918.19
    CH-S18 FTXLA-NG ,6,452.16,2712.98
    CH-S24 FTXLA-NG ,4,520.05,2080.19
    TC03 ,4,0.09,0.35
    CHML-IC18RK Indoor unit ,4,217.60,870.41
    C&H S12FTXHV-B VIP long distance WI-FI ,1,845.50,845.50
    CH-S12FTXTB2S-W ICY New Long Distance WI-FI Heat Pump ,1,560.50,560.50
    CH-S24FTXTB2S-W ICY New Long Distance WI-FI Heat Pump ,1,750.50,750.50
    Transporditeenus / Delivery costs / Lieferung ,23,18.14,417.33
    CH-S09FVX WI-FI ,1,445.00,445.00
    Advertising. Promotional Marketing ,1,10.00,10.00
    Spare Parts ,1,37.50,37.50
    C&H S12FTXHV-B VIP long distance WI-FI ,3,647.72,1943.17
    C&H S09FTXLA WI-FI Arctic Soojuspump ,1,365.00,365.00
    CH-S12FTXTB2S-W ICY New Long Distance WI-FI Heat Pump ,1,525.00,525.00
    CH-S18FTXTB2S-W ICY New Long Distance WI-FI Heat Pump ,2,555.00,1110.00
    C&H S18FTXHV-B VIP long distance WI-FI ,2,930.00,1860.00
    CH-M12K7S Portable Conditioner ,2,257.00,514.00
    CH-S18FTXAM2S-BL ,1,790.00,790.00
    CH-S24FTXAM2S-BL ,2,850.00,1700.00
    CH-S12FTXAM2S-GD ,1,670.00,670.00
    CH-S09 FTXLA-NG ,5,355.00,1775.00
    CH-S12 FTXLA-NG ,12,410.00,4920.00
    CH-S18 FTXLA-NG ,6,575.00,3450.00
    CH-S24 FTXLA-NG ,5,695.00,3475.00
    CH-S09FTXAM2S-GD ,1,630.00,630.00
    Transporditeenus / Delivery costs / Lieferung ,5,17.00,85.00
    C&H-S12FTX5 Winner Inverter ,1,290.00,290.00
    C&H S12FTXLA WI-FI Arctic Soojuspump ,1,415.00,415.00
    CH-M12K7S Portable Conditioner ,1,273.00,273.00
    CH-S18FTXAM2S-BL ,1,750.50,750.50
    CH-S12FTXE-NG WI-FI Alpha Inverter ,1,325.00,325.00
    Transporditeenus / Delivery costs / Lieferung ,2,16.50,33.00
    C&H S18FVX CONSOL Soojuspump ,1,595.00,595.00
    C&H S09FTXLA WI-FI Arctic Soojuspump ,1,365.00,365.00
    C&H S24FTXLA  WI-FI Arctic Soojuspump ,1,546.67,546.67
    CH-S12FTXTB2S-W ICY New Long Distance WI-FI Heat Pump ,2,540.50,1081.00
    CH-S24FTXTB2S-W ICY New Long Distance WI-FI Heat Pump ,3,790.00,2370.00
    CH-M12K7S Portable Conditioner ,2,273.00,546.00
    CH-S09FTXAM2S-BL ,1,650.00,650.00
    CH-S12FTXAM2S-BL ,1,650.00,650.00
    CH-S24FTXAM2S-BL ,1,850.00,850.00
    CH-S12FTXAM2S-SC ,1,650.00,650.00
    CH-S09 FTXLA-NG ,3,355.00,1065.00
    CH-S12 FTXLA-NG ,2,415.00,830.00
    Transporditeenus / Delivery costs / Lieferung ,2,16.50,33.00
    CH-S12FTXAM2S-GD ,1,635.00,635.00
    CH-HP 12 SINM2 Air to Water (I)+(O) ,1,2490.00,2490.00
    CH-S09FTXQ-NG WI-FI Veritas ,1,295.00,295.00
    CH-S12FTXQ-NG WI-FI Veritas ,1,325.00,325.00
    CH-S09FTXE-NG WI-FI Alpha Inverter ,1,295.00,295.00
    CH-S09 FTXLA-NG ,1,355.00,355.00
    CH-S12 FTXLA-NG ,1,415.00,415.00
    CHML-U36NK4 Outdoor Unit ,1,1025.05,1025.05
    CHML-IW12AANK Indoor Unit  WI-FI ,2,114.00,228.00
    CHML-IW18AANK WI-FI Indoor Unit ,1,142.50,142.50
    CH-M12K7S Portable Conditioner ,1,333.33,333.33
    Transporditeenus / Delivery costs / Lieferung ,1,20.00,20.00
    C&H S18FVX CONSOL Soojuspump ,1,595.00,595.00
    CH-S18FTXQ-NG WI-FI Veritas ,1,445.00,445.00
    Transporditeenus / Delivery costs / Lieferung ,1,240.00,240.00
    Transporditeenus / Delivery costs / Lieferung ,6,16.55,99.33
    CH-S09FTXTB2S-W ICY New Long Distance WI-FI Heat Pump ,5,506.00,2530.00
    CH-S12FTXTB2S-W ICY New Long Distance WI-FI Heat Pump ,1,531.00,531.00
    CH-S09 FTXLA-NG ,3,355.00,1065.00
    CH-S12 FTXLA-NG ,4,415.00,1660.00
    CH-S18 FTXLA-NG ,1,575.00,575.00
    CH-S24 FTXLA-NG ,1,695.00,695.00
    Transporditeenus / Delivery costs / Lieferung ,1,25.00,25.00
    CH-M09K6S Portable Conditioner ,1,183.00,183.00
    C&H S12FTXHV-B VIP long distance WI-FI ,2,655.65,1311.30
    C&H S09FTXLA WI-FI Arctic Soojuspump ,2,334.80,669.60
    C&H S12FTXLA WI-FI Arctic Soojuspump ,3,392.15,1176.45
    CH-S12FTXTB2S-W ICY New Long Distance WI-FI Heat Pump ,1,488.25,488.25
    CH-S18FTXTB2S-W ICY New Long Distance WI-FI Heat Pump ,5,514.27,2571.33
    CH-S24FTXTB2S-W ICY New Long Distance WI-FI Heat Pump ,1,750.50,750.50
    C&H S18FTXHV-B VIP long distance WI-FI ,1,702.15,702.15
    CH-S09FTXAM2S-BL ,1,650.00,650.00
    CH-S12FTXAM2S-BL ,2,637.25,1274.50
    CH-S18FTXAM2S-BL ,2,753.05,1506.10
    CH-S24FTXAM2S-BL ,1,762.60,762.60
    CH-S12FTXAM2S-GD ,1,590.55,590.55
    CH-S24FTXAM2S-GD ,1,762.60,762.60
    CH-S12FTXAM2S-SC ,1,670.00,670.00
    CH-S24FTXAM2S-SC ,1,762.60,762.60
    CH-S09FTXQ-NG WI-FI Veritas ,1,280.25,280.25
    CH-FW040K2 ,2,131.00,262.00
    KJR-18B/E-B ,2,29.00,58.00
    CH-S12 FTXLA-NG ,2,415.00,830.00
    CH-S18 FTXLA-NG ,3,575.00,1725.00
    CH-S24 FTXLA-NG ,3,695.00,2085.00
    CH-S09FVX WI-FI ,1,445.00,445.00
    CHML-U24NK3 Outdoor Unit ,2,729.00,1458.00
    C&H S09FTXHV-B VIP long distance WI-FI ,1,513.00,513.00
    C&H S18FTXHV-B VIP long distance WI-FI ,1,930.00,930.00
    CHML-IW12AANK Indoor Unit  WI-FI ,3,120.00,360.00
    CHML-IW09AANK Indoor Unit  WI-FI ,2,110.00,220.00
    CH-S24FTXN-E2wifi ,1,511.67,511.67
    CH-S18FTXN-E2wifi ,1,555.00,555.00
    CH-S24FTXLQ-NG WI-FI Veritas ,1,445.00,445.00
    CH-S09FTXQ-NG WI-FI Veritas ,1,295.00,295.00
    CH-S12 FTXLA-NG ,3,415.00,1245.00
    CH-S12FTXAM2S-SC ,1,636.50,636.50
    CH-S24FTXN-E2wifi ,3,500.00,1500.00
    CH-S09 FTXLA-NG ,3,343.17,1029.50
    CH-S12 FTXLA-NG ,1,394.25,394.25
    CH-M10K7S Portable Conditioner ,2,234.00,468.00
    C&H CH-D011WD7-26LD Mobile Dehumidifier ,1,143.45,143.45
    CH-D022WDR9 ,2,189.05,378.10
    Transporditeenus / Delivery costs / Lieferung ,2,22.75,45.50
    CH-S09FTXTB2S-W ICY New Long Distance WI-FI Heat Pump ,1,495.00,495.00
    C&H S09FTXHV-B VIP long distance WI-FI ,9,513.01,4617.08
    CH-S12FTXTB2S-W ICY New Long Distance WI-FI Heat Pump ,1,531.00,531.00
    CH-S18FTXTB2S-W ICY New Long Distance WI-FI Heat Pump ,1,585.00,585.00
    CH-S24FTXTB2S-W ICY New Long Distance WI-FI Heat Pump ,1,711.00,711.00
    CH-S18FTXAM2S-BL ,1,790.00,790.00
    CH-S09FTXAM2S-GD ,2,625.00,1250.00
    CH-S12FTXAM2S-GD ,4,670.00,2680.00
    CH-S18FTXAM2S-GD ,1,790.00,790.00
    CH-S24FTXAM2S-GD ,2,850.00,1700.00
    CH-S12FTXAM2S-SC ,1,670.00,670.00
    CH-S12FTXE-NG WI-FI Alpha Inverter ,1,325.00,325.00
    CH-S09 FTXLA-NG ,1,355.00,355.00
    CH-S12 FTXLA-NG ,2,405.00,810.00
    alused ,1,sept.25,sept.25
    Transporditeenus / Delivery costs / Lieferung ,20,9.00,180.01
    CH-S09FVX WI-FI ,1,422.75,422.75
    C&H S18FVX CONSOL Soojuspump ,1,565.25,565.25
    Advertising. Promotional Marketing ,1,500.00,500.00
    CHML-U24NK3 Outdoor Unit ,1,670.60,670.60
    CHML-IC24NK Cassette Indoor unit ,1,286.52,286.52
    CH-S09FTXTB2S-W ICY New Long Distance WI-FI Heat Pump ,25,497.17,12429.18
    C&H S12FTXHV-B VIP long distance WI-FI ,7,623.26,4362.84
    TB04 frame to IC24NK ,1,0.09,0.09
    C&H S09FTXLA WI-FI Arctic Soojuspump ,17,286.24,4866.14
    C&H S12FTXLA WI-FI Arctic Soojuspump ,21,346.84,7283.63
    C&H S24FTXLA  WI-FI Arctic Soojuspump ,3,634.10,1902.30
    C&H S09FTXHV-B VIP long distance WI-FI ,15,544.33,8164.92
    CH-S12FTXTB2S-W ICY New Long Distance WI-FI Heat Pump ,36,528.56,19028.33
    CH-S18FTXTB2S-W ICY New Long Distance WI-FI Heat Pump ,3,534.55,1603.66
    C&H S18FTXHV-B VIP long distance WI-FI ,1,647.10,647.10
    Waeco -U32(12V/230V) kulmik ,46,34.24,1575.14
    CH-M12K7S Portable Conditioner ,1,259.35,259.35
    CH-S12FTXAM2S-BL ,4,622.36,2489.44
    CH-S09FTXAM2S-GD ,3,599.78,1799.33
    CH-S12FTXAM2S-GD ,11,631.82,6950.00
    CH-S18FTXAM2S-GD ,1,750.50,750.50
    CH-S09FTXAM2S-SC ,1,543.70,543.70
    CH-S12FTXAM2S-SC ,12,616.13,7393.60
    CH-S24FTXN-E2wifi ,1,588.08,588.08
    CH-S24FTXLQ-NG WI-FI Veritas ,1,612.75,612.75
    CH-S18FTXQ-NG WI-FI Veritas ,3,398.97,1196.91
    CH-S09FTXQ-NG WI-FI Veritas ,7,280.25,1961.75
    CH-S12FTXQ-NG WI-FI Veritas ,4,288.75,1154.99
    CH-S09FTXE-NG WI-FI Alpha Inverter ,6,274.55,1647.33
    CH-S12FTXE-NG WI-FI Alpha Inverter ,4,322.93,1291.71
    CH-S09 FTXLA-NG ,85,335.37,28506.50
    CH-S12 FTXLA-NG ,125,393.94,49242.00
    CH-S18 FTXLA-NG ,7,546.25,3823.75
    CH-S24 FTXLA-NG ,9,652.53,5872.75
    CH-M10K7S Portable Conditioner ,2,222.30,444.60
    Spare Parts ,1,75.00,75.00
    CH-S12FTXE-NG WI-FI Alpha Inverter ,1,270.00,270.00
    CH-C18NK2 Indoor Unit ,1,140.69,140.69
    CH-IU12NK4 outdoor unit ,1,246.55,246.55
    C&H CH-D36NK2 Indoor Unit ,2,201.45,402.90
    CHML-U42NK5 Outdoor Unit ,1,744.78,744.78
    CHML-U14NK2 Outdoor Unit ,2,356.99,713.99
    CH-S09FTXE WI-FI Alpha Inverter ,20,214.05,4281.00
    CH-S12FTXE WI-FI Alpha Inverter ,20,224.43,4488.53
    CH-S18FTXE WI-FI Alpha Inverter ,15,313.43,4701.44
    CH-U48NM2 Outdoor Unit ,6,539.71,3238.25
    C&H CH-U36NM2 Outdoor Unit ,2,470.05,940.11
    CHML-IW09VNK Indoor Unit VIP ,1,188.76,188.76
    CHML-IW12VNK Indoor Unit VIP ,2,181.37,362.74
    TC04 frame ,4,0.08,0.31
    C&H CH-U18NK2 Outdoor Unit ,1,211.56,211.56
    CHML-IW18VNK Indoor Unit VIP ,2,185.23,370.46
    C&H S09FTXHV-B VIP long distance WI-FI ,1,508.61,508.61
    TC03 frame IC18NK4- IC12NK4 ,1,0.08,0.08
    C&H S18FTXHV-B VIP long distance WI-FI ,1,544.11,544.11
    CH-S07FTXE Alpha Inverter (without WI-FI) ,16,192.10,3073.56
    Cargo sorting and docs ,1,99.99,99.99
    C&H S07XN7 PRIMA ,20,126.86,2537.28
    C&H S09XN7 PRIMA ,20,143.17,2863.45
    C&H S12XN7 PRIMA ,20,163.74,3274.72
    C&H S18XN7 PRIMA ,3,279.45,838.34
    C&H S24XN7 PRIMA ,5,353.96,1769.81
    C&H S30XN7 PRIMA ,10,408.94,4089.37
    CH-C48NK2 Indoor Unit ,4,206.84,827.36
    CH-S12FTXAM2S-BL ,1,519.69,519.69
    CH-S09FTXN-E2wifi ,5,230.22,1151.11
    CH-S12FTXN-E2wifi ,8,250.86,2006.85
    CH-S24FTXN-E2wifi ,2,453.30,906.60
    CH-S18FTXN-E2wifi ,5,383.16,1915.82
    CH-S24FTXLQ-NG WI-FI Veritas ,5,434.75,2173.74
    CH-D48NK2 Indoor Unit ,2,242.74,485.49
    CHML-IW07AANK Indoor Unit ,1,89.45,89.45
    CH-S18FTXE-NG WI-FI Alpha Inverter ,3,281.94,845.81
    CH-ID12NK4 indoor unit ,1,164.37,164.37
    CH-S24FTXLE-NG ,2,434.75,869.50
    C&H S09FTXLA WI-FI Arctic Soojuspump ,1,355.00,355.00
    CH-S09 FTXLA-NG ,2,337.25,674.50
    Transporditeenus / Delivery costs / Lieferung ,1,30.00,30.00
    CH-M09K6S Portable Conditioner ,10,189.00,1890.00
    Advertising. Promotional Marketing ,2,750.00,1500.00
    C&H-S12FTX5 Winner Inverter ,1,290.00,290.00
    C&H S12FTXLA WI-FI Arctic Soojuspump ,2,373.33,746.67
    CH-S18FTXTB2S-W ICY New Long Distance WI-FI Heat Pump ,1,521.00,521.00
    CH-S18FTXN-E2wifi ,2,495.00,990.00
    Transporditeenus / Delivery costs / Lieferung ,1,15.00,15.00
    C&H S09FTXHV-B VIP long distance WI-FI ,2,513.04,1026.08
    CH-S09FVX WI-FI ,2,445.00,890.00
    C&H S18FVX CONSOL Soojuspump ,1,490.00,490.00
    CHML-U28NK4 Outdoor Unit ,1,759.00,759.00
    CHML-IW12DNK Indoor Unit (Premium Inverter) ,2,135.00,270.00
    CH-S12FTXTB2S-W ICY New Long Distance WI-FI Heat Pump ,1,540.00,540.00
    CH-S09FTXN-E2wifi ,1,261.67,261.67
    CH-S24FTXN-E2wifi ,1,511.67,511.67
    CH-S18FTXN-E2wifi ,2,453.33,906.67
    CH-S12 FTXLA-NG ,1,415.00,415.00
    C&H S09FTXS-W ARCTIC Design Soojuspump ,1,462.90,462.90
    C&H S18FVX CONSOL Soojuspump ,1,490.00,490.00
    CHML-U18NK2 Outdoor Unit ,1,450.00,450.00
    CHML-U28NK4 Outdoor Unit ,1,685.00,685.00
    CHML-IW18DNK Indoor Unit (Premium Inverter) ,1,150.00,150.00
    CHML-IW12DNK Indoor Unit (Premium Inverter) ,4,125.00,500.00
    CHML-IK12NK Console Indoor unit ,1,150.00,150.00
    CH-M09K6S Portable Conditioner ,6,177.00,1062.00
    CHML-IW09VNK Indoor Unit VIP ,1,217.00,217.00
    CHML-IW12VNK Indoor Unit VIP ,2,225.00,450.00
    CH-S12FTXTB2S-W ICY New Long Distance WI-FI Heat Pump ,1,550.00,550.00
    CH-S07FTXQ Veritas ,7,240.00,1680.00
    CH-M12K7S Portable Conditioner ,6,255.00,1530.00
    CH-S09FTXN-E2wifi ,5,283.00,1415.00
    CH-S12FTXN-E2wifi ,6,307.00,1842.00
    CH-S12FTXQ-NG WI-FI Veritas ,2,270.00,540.00
    CH-HP 12 SINM2 Air to Water (I)+(O) ,1,2490.00,2490.00
    CH-S09 FTXLA-NG ,15,294.00,4410.00
    CH-S12 FTXLA-NG ,23,320.00,7360.00
    CH-S18 FTXLA-NG ,1,495.00,495.00
    CH-S24 FTXLA-NG ,1,592.00,592.00
    CH-M10K7S Portable Conditioner ,3,219.00,657.00
    CH-S09FVX WI-FI ,2,351.50,703.00
    CH- S12FVX WI-FI ,7,375.25,2626.75
    C&H S18FVX CONSOL Soojuspump ,3,465.50,1396.50
    C&H CH-D005WD1 Mobile Dehumidifier ,1,82.65,82.65
    CH-M09K6S Portable Conditioner ,2,168.15,336.30
    CH-M12K7S Portable Conditioner ,2,242.25,484.50
    CH-S12FTXAM2S-BL ,1,560.50,560.50
    CH-S12FTXAM2S-SC ,2,560.50,1121.00
    CH-S24FTXLQ-NG WI-FI Veritas ,1,541.50,541.50
    CH-S18FTXQ-NG WI-FI Veritas ,2,370.50,741.00
    CH-S09FTXE-NG WI-FI Alpha Inverter ,2,237.50,475.00
    CH-S12FTXE-NG WI-FI Alpha Inverter ,2,256.50,513.00
    CH-S18FTXE-NG WI-FI Alpha Inverter ,2,370.50,741.00
    CH-S09 FTXLA-NG ,2,279.30,558.60
    CH-S12 FTXLA-NG ,14,304.00,4256.00
    CH-S18 FTXLA-NG ,2,470.25,940.50
    CH-S24 FTXLA-NG ,4,562.40,2249.60
    CH-M10K7S Portable Conditioner ,2,208.05,416.10
    C&H CH-D008WDP6-20LD Portable Dehumidifier ,1,154.85,154.85
    C&H CH-D008WDN6-20LD Portable Dehumidifier ,1,156.75,156.75
    C&H CH-D016WDN6-40LD Portable Dehumidifier ,1,189.05,189.05
    C&H CH-D008WD5-20LD  Mobile Dehumidifier ,2,124.45,248.90
    C&H CH-D008WD1-18LD Mobile Dehumidifier ,1,107.35,107.35
    C&H CH-D009WD7-22LD Mobile Dehumidifier ,1,126.35,126.35
    C&H CH-D011WD7-26LD Mobile Dehumidifier ,1,130.15,130.15
    CH-S18FTXN-NG ,1,504.45,504.45
    Transporditeenus / Delivery costs / Lieferung ,3,51.67,155.00
    CHML-U18NK2 Outdoor Unit ,4,450.00,1800.00
    CHML-IW12CNK Wall COZY Indoor unit ,11,100.64,1107.00
    CHML-U36NK4 Outdoor Unit ,2,965.00,1930.00
    CHML-U14NK2 Outdoor Unit ,2,440.00,880.00
    CHML-IC24NK Cassette Indoor unit ,3,224.90,674.70
    CH-S18FTXE WI-FI Alpha Inverter ,4,481.00,1924.00
    CHML-U21NK3 Outdoor Unit ,2,595.00,1190.00
    C&H S12FTXHV-B VIP long distance WI-FI ,1,772.20,772.20
    CHML-IW12VNK Indoor Unit VIP ,2,225.00,450.00
    TB04 frame to IC24NK ,3,0.10,0.30
    C&H S12FTXLA WI-FI Arctic Soojuspump ,9,330.00,2970.00
    C&H S24FTXLA  WI-FI Arctic Soojuspump ,5,610.00,3050.00
    CHML-IW18VNK Indoor Unit VIP ,2,229.00,458.00
    C&H S18FTXHV-B VIP long distance WI-FI ,1,898.00,898.00
    CHML-IW09AANK Indoor Unit  WI-FI ,8,107.00,856.00
    CH-S18FTXAM2S-BL ,1,690.00,690.00
    CH-S12FTXAM2S-GD ,1,590.00,590.00
    CH-S24FTXLQ-NG WI-FI Veritas ,9,570.00,5130.00
    CH-S09 FTXLA-NG ,4,294.00,1176.00
    CH-S12 FTXLA-NG ,6,320.00,1920.00
    CH-S18 FTXLA-NG ,6,495.00,2970.00
    CH-S24 FTXLA-NG ,7,592.00,4144.00
    Transporditeenus / Delivery costs / Lieferung ,9,20.31,182.83
    CH-S09FVX WI-FI ,1,445.00,445.00
    C&H S09FTXLA WI-FI Arctic Soojuspump ,1,355.00,355.00
    C&H S12FTXLA WI-FI Arctic Soojuspump ,3,415.00,1245.00
    CH-S09 FTXLA-NG ,4,346.12,1384.50
    CH-S12 FTXLA-NG ,1,415.00,415.00
    CH-S18 FTXLA-NG ,1,575.00,575.00
    Transporditeenus / Delivery costs / Lieferung ,1,26.67,26.67
    C&H-S24FTX5 Winner Inverter ,2,570.00,1140.00
    Transporditeenus / Delivery costs / Lieferung ,2,15.00,30.00
    CH-S12FTXAM2S-GD ,2,670.00,1340.00
    CH-S18FTXAM2S-GD ,1,790.00,790.00
    CH-S09 FTXLA-NG ,1,355.00,355.00
    CH-S12 FTXLA-NG ,1,415.00,415.00
    CH-M12K7S Portable Conditioner ,1,273.00,273.00
    CH-M10K7S Portable Conditioner ,1,234.00,234.00
    CH-S12FTXTB2S-W ICY New Long Distance WI-FI Heat Pump ,1,531.00,531.00
    CH-S18FTXAM2S-GD ,3,750.50,2251.50
    CH-S18FTXAM2S-SC ,1,750.50,750.50
    CH-S12 FTXLA-NG ,4,364.81,1459.25
    Transporditeenus / Delivery costs / Lieferung ,11,252.82,2781.00
    CH-S09FVX WI-FI ,2,370.00,740.00
    CH- S12FVX WI-FI ,1,395.00,395.00
    CHML-IC12NK Cassette Indoor unit ,20,210.00,4200.00
    CHML-IC18NK Cassette Indoor unit ,4,220.00,880.00
    CHML-U36NK4 Outdoor Unit ,2,965.00,1930.00
    CH-IU12NK4 outdoor unit ,1,335.00,335.00
    CHML-U28NK4 Outdoor Unit ,2,685.00,1370.00
    CH-IU36NM4 Outdoor unit ,1,1099.00,1099.00
    CHML-U42NK5 Outdoor Unit ,4,1025.00,4100.00
    CHML-IC24NK Cassette Indoor unit ,2,225.00,450.00
    CHML-U21NK3 Outdoor Unit ,8,595.00,4760.00
    CH-IC36NK4 Cassette indoor unit ,1,300.00,300.00
    TA03 frame to ic12NK-IC18NK ,16,0.10,jaan.60
    TB04 frame to IC24NK ,2,0.10,0.20
    TC04 frame ,1,0.10,0.10
    TC03 frame IC18NK4- IC12NK4 ,3,0.10,0.30
    CH-S12FTXTB2S-W ICY New Long Distance WI-FI Heat Pump ,3,520.00,1560.00
    CHML-IW12AANK Indoor Unit  WI-FI ,7,113.00,791.00
    CHML-IW18AANK WI-FI Indoor Unit ,4,143.00,572.00
    CHML-IW09AANK Indoor Unit  WI-FI ,24,107.00,2568.00
    TA03 frame ,5,0.10,0.50
    CH-M10K7B Portable Conditioner ,1,203.44,203.44
    CH-S24FTXLQ-NG WI-FI Veritas ,3,559.67,1679.00
    CH-S18FTXQ-NG WI-FI Veritas ,5,373.00,1865.00
    CH-S09FTXQ-NG WI-FI Veritas ,10,250.00,2500.00
    CH-S12FTXQ-NG WI-FI Veritas ,10,270.00,2700.00
    CH-VC13TH ,1,947.00,947.00
    CH-IF12NK4  Indoor unit ,1,180.00,180.00
    CH-S09 FTXLA-NG ,4,294.00,1176.00
    CH-S12 FTXLA-NG ,4,320.00,1280.00
    CH-S18 FTXLA-NG ,2,495.00,990.00
    CH-S24 FTXLA-NG ,1,592.00,592.00
    CH-S09FVX WI-FI ,23,290.47,6680.73
    CH- S12FVX WI-FI ,12,298.69,3584.32
    C&H S18FVX CONSOL Soojuspump ,18,384.70,6924.61
    CHML-U18NK2 Outdoor Unit ,4,343.60,1374.42
    CH-C18NK2 Indoor Unit ,2,128.00,256.01
    C&H CH-F60NK2 Indoor Unit ,1,296.72,296.72
    CH-U24NK2 Outdoor Unit ,1,295.50,295.50
    CHML-IC18NK Cassette Indoor unit ,10,198.37,1983.67
    C&H CH-D060WD Wall Dehumidifier ,1,1093.56,1093.56
    C&H CH-HRV5K ,6,428.67,2572.00
    CHML-U24NK3 Outdoor Unit ,1,508.40,508.40
    CHML-U28NK4 Outdoor Unit ,3,530.21,1590.62
    CHV-5SW36NK Indoor unit ,5,147.77,738.87
    CH-IU36NM4 Outdoor unit ,4,880.51,3522.03
    CHML-U42NK5 Outdoor Unit ,1,758.52,758.52
    CHML-IW09DNK Indoor Unit (Premium Inverter) ,8,96.94,775.55
    CHML-IW12DNK Indoor Unit (Premium Inverter) ,4,102.47,409.87
    C&H CH-HRV15M ,4,672.02,2688.08
    CH-IF36NK4  Indoor unit ,2,255.31,510.63
    CHML-U14NK2 Outdoor Unit ,3,338.21,1014.64
    CHML-IK12NK Console Indoor unit ,2,114.83,229.66
    CHML-IK09NK Consol indoor unit ,1,113.00,113.00
    CH-IC18NK4 Cassette indoor unit ,1,237.25,237.25
    C&H CH-IC24NK4 Cassete ,2,208.24,416.49
    CH-IF24NK4 Indoor unit ,2,210.40,420.80
    CH-IU18NK4  Outdoor unit ,1,415.39,415.39
    CH-IU24NK4 outdoor unit ,4,537.95,2151.80
    CHML-IC24NK Cassette Indoor unit ,3,242.25,726.76
    CH-IU60NM4 Outdoor unit ,7,915.83,6410.78
    C&H CH-D24NK2 Indoor Unit ,1,144.99,144.99
    CH-ID60NK4 Indoor unit ,3,336.29,1008.87
    CH-IU48NM4 Outdoor unit ,1,736.77,736.77
    C&H CH-HRV8K ,5,450.72,2253.58
    CH-M09K6S Portable Conditioner ,23,149.76,3444.48
    CH-S09FTXE WI-FI Alpha Inverter ,132,206.59,27270.07
    CH-S12FTXE WI-FI Alpha Inverter ,88,220.60,19412.57
    CH-S18FTXE WI-FI Alpha Inverter ,16,300.21,4803.37
    CH-U48NM2 Outdoor Unit ,6,542.44,3254.63
    C&H CH-U36NM2 Outdoor Unit ,2,379.44,758.88
    CH-IC60NK4 Cassette indoor unit ,4,283.02,1132.10
    CH-S09FTXTB2S-W ICY New Long Distance WI-FI Heat Pump ,2,406.38,812.76
    CH-IC36NK4 Cassette indoor unit ,2,264.69,529.38
    CHML-IW09VNK Indoor Unit VIP ,3,183.95,551.85
    CHML-IW12VNK Indoor Unit VIP ,1,183.31,183.31
    TB04 frame to IC24NK ,3,0.09,0.26
    TC04 frame ,11,0.08,0.89
    C&H CH-U18NK2 Outdoor Unit ,2,213.29,426.58
    C&H S09FTXLA WI-FI Arctic Soojuspump ,16,240.88,3854.11
    C&H S12FTXLA WI-FI Arctic Soojuspump ,41,268.06,10990.35
    C&H S18FTXLA WI-FI Arctic Soojuspump ,3,420.36,1261.07
    C&H S24FTXLA  WI-FI Arctic Soojuspump ,5,486.20,2431.01
    CHML-IW18VNK Indoor Unit VIP ,2,178.86,357.72
    TC03 frame IC18NK4- IC12NK4 ,3,0.08,0.24
    CH-S12FTXTB2S-W ICY New Long Distance WI-FI Heat Pump ,16,429.70,6875.20
    CH-S18FTXTB2S-W ICY New Long Distance WI-FI Heat Pump ,37,452.46,16741.15
    CH-S24FTXTB2S-W ICY New Long Distance WI-FI Heat Pump ,35,564.50,19757.60
    C&H S18FTXHV-B VIP long distance WI-FI ,1,519.41,519.41
    CHML-IW12AANK Indoor Unit  WI-FI ,4,89.97,359.89
    CHML-IW18AANK WI-FI Indoor Unit ,3,92.83,278.48
    CHML-IW09AANK Indoor Unit  WI-FI ,21,85.16,1788.35
    CH-S07FTXE Alpha Inverter (without WI-FI) ,34,162.43,5522.54
    CH-S18FTXQ WI-FI Veritas ,10,276.20,2761.97
    CH-S24FTXQ WI-FI Veritas ,7,472.14,3304.95
    C&H S07XN7 PRIMA ,382,120.31,45958.29
    C&H S09XN7 PRIMA ,360,134.38,48378.35
    C&H S12XN7 PRIMA ,279,154.64,43144.03
    C&H S18XN7 PRIMA ,27,260.70,7038.87
    C&H S24XN7 PRIMA ,15,302.43,4536.46
    C&H S30XN7 PRIMA ,2,404.40,808.81
    CH CF122 Wired controller ,2,98.86,197.73
    C&H HP 36CMFNM Air to Water ,2,2846.50,5693.00
    CH-M12K7S Portable Conditioner ,13,212.03,2756.37
    CH-IC48NK4 Cassette indoor unit ,1,286.68,286.68
    TC05 frame ,5,0.08,0.42
    T-MBQ4-03B1 ,6,30.74,184.44
    CH-C60NK2 Indoor Unit ,1,249.86,249.86
    CH-U60NM2 Outdoor Unit ,2,633.84,1267.68
    CH-C36NK2 Indoor Unit ,2,158.76,317.52
    CH-C48NK2 Indoor Unit ,4,212.83,851.34
    CHV-5SC56NK Indoor unit ,1,348.21,348.21
    TC01 ,3,0.09,0.26
    C&H CH-HRV10K ,2,479.10,958.21
    CH-S12FTXAM2S-SC ,1,490.93,490.93
    CH-S09FTXN-E2wifi ,15,226.21,3393.15
    CH-S12FTXN-E2wifi ,14,240.42,3365.94
    CH-S24FTXN-E2wifi ,13,442.97,5758.67
    CH-S18FTXN-E2wifi ,2,374.40,748.80
    CH-S24FTXLQ-NG WI-FI Veritas ,42,468.60,19681.16
    CH-D48NK2 Indoor Unit ,2,236.09,472.19
    CH-S18FTXQ-NG WI-FI Veritas ,16,327.10,5233.63
    CH-S09FTXQ-NG WI-FI Veritas ,5,207.04,1035.18
    CH-S12FTXQ-NG WI-FI Veritas ,5,219.20,1095.98
    CH -  HP 3.5 SWNK Air to Water ,2,439.28,878.57
    C&H HP 16 SINM2 Air to Water (I+O) ,3,2379.20,7137.61
    CHML-IW07AANK Indoor Unit ,6,82.41,494.48
    CH-S09FTXE-NG WI-FI Alpha Inverter ,17,191.22,3250.69
    CH-S12FTXE-NG WI-FI Alpha Inverter ,30,208.20,6245.97
    CH-S18FTXE-NG WI-FI Alpha Inverter ,11,281.97,3101.62
    C&H CH-HRV20M ,2,720.94,1441.88
    CH-FC030K2 ,6,141.88,851.27
    CH-S09MKP6 ,2,141.29,282.59
    CH-S07BKP6 ,2,127.40,254.80
    CH-S09BKP6 ,2,141.29,282.59
    CH-S12BKP6 ,2,167.54,335.09
    CH-S07MKP6 ,4,127.40,509.59
    CH-S09 FTXLA-NG ,64,250.36,16022.73
    CH-S12 FTXLA-NG ,78,268.43,20937.59
    CH-S18 FTXLA-NG ,16,421.49,6743.89
    CH-S24 FTXLA-NG ,20,496.56,9931.15
    CH-M10K7S Portable Conditioner ,3,187.59,562.78
    CH- HP 14 SINM2 Air to Water (I)+(O) ,2,2372.26,4744.52
    CHML-U18RK2 outdoor unit ,1,379.78,379.78
    CHML-U24RK3 outdoor unit ,1,562.90,562.90
    CHML-IW07AARK indoor unit ,4,87.58,350.32
    CHML-IW09AARK ( Wi-Fi) indoor unit ,6,91.79,550.72
    CHML-U42RK5 outdoor unit ,3,857.49,2572.47
    CH-S24FTXL2E-NG WI-FI ,5,466.12,2330.60
    CHML-U14RK2 outdoor unit ,1,372.97,372.97
    CH- HP 16 SINK2 Air to Water (I+O) ,1,2269.92,2269.92
    CTC Ecoair 622M/ NDAir Inverter 22+ I&S Ecoair 600 3x400EU ,1,4327.22,4327.22
    CH-IU050RK outdoor ,2,319.27,638.54
    CH-IU071RK outdoor ,2,381.37,762.74
    CH-IC050RK Indoor unit ,2,193.47,386.94
    CH-IC071RK Indoor unit ,2,212.58,425.16
    TF06 ,5,0.08,0.41
    CH-IC100RK Indoor unit ,1,305.02,305.02
    CH-IU100RM outdoor ,1,879.16,879.16
    CHV-5SC63NK Indoor unit ,2,355.29,710.58
    C&H S18FVX CONSOL Soojuspump ,3,390.51,1171.52
    CH-F48NK2  Indoor Unit ,1,240.96,240.96
    CH-ID36NK4 Indoor unit ,1,276.01,276.01
    CH-IU36NM4 Outdoor unit ,1,844.63,844.63
    CHML-U42NK5 Outdoor Unit ,1,780.83,780.83
    CHML-IW07DNK Indoor Unit (Premium Inverter) ,4,96.29,385.15
    CHML-IW12DNK Indoor Unit (Premium Inverter) ,2,105.19,210.38
    CHML-U14NK2 Outdoor Unit ,2,351.98,703.96
    CHML-IK09NK Consol indoor unit ,1,120.56,120.56
    CH-IU18NK4  Outdoor unit ,1,419.15,419.15
    CH-S09FTXE WI-FI Alpha Inverter ,15,213.78,3206.65
    CH-S18FTXE WI-FI Alpha Inverter ,4,332.56,1330.24
    CH-U48NM2 Outdoor Unit ,1,516.79,516.79
    C&H CH-U36NM2 Outdoor Unit ,2,416.87,833.74
    CHML-IW09VNK Indoor Unit VIP ,1,179.67,179.67
    CHML-IW12VNK Indoor Unit VIP ,1,183.58,183.58
    C&H CH-D18NK2 Indoor Unit ,2,140.79,281.58
    C&H CH-U18NK2 Outdoor Unit ,2,219.28,438.56
    CHML-IW18VNK Indoor Unit VIP ,1,189.80,189.80
    CH-S12FTXTB2S-W ICY New Long Distance WI-FI Heat Pump ,16,431.56,6905.01
    CH-S18FTXTB2S-W ICY New Long Distance WI-FI Heat Pump ,5,462.02,2310.11
    CH-S24FTXTB2S-W ICY New Long Distance WI-FI Heat Pump ,33,566.14,18682.61
    C&H S18FTXHV-B VIP long distance WI-FI ,1,724.19,724.19
    C&H S09XN7 PRIMA ,15,137.49,2062.33
    C&H S12XN7 PRIMA ,12,158.58,1902.96
    C&H S18XN7 PRIMA ,7,261.70,1831.88
    C&H S24XN7 PRIMA ,1,339.82,339.82
    C&H S30XN7 PRIMA ,1,396.06,396.06
    CH-ID18NK4 indoor unit ,1,165.29,165.29
    C&H CH-F36NK2 Indoor Unit ,2,234.49,468.98
    CH-D60NK2 Indoor Unit ,1,251.35,251.35
    CH-U60NM2 Outdoor Unit ,1,643.11,643.11
    CH -  HP 3.5 SWNK Air to Water ,2,459.48,918.97
    CH-S12FTXE-NG WI-FI Alpha Inverter ,3,227.37,682.11
    CH-S18FTXE-NG WI-FI Alpha Inverter ,3,332.56,997.68
    CH-HP 12 SINM2 Air to Water (I)+(O) ,1,2322.25,2322.25
    CH-S12 FTXLA-NG ,18,265.10,4771.86
    CH-S18 FTXLA-NG ,5,419.14,2095.69
    CH-S24 FTXLA-NG ,5,491.15,2455.76
    CHML-IW24AANK WI-FI Indoor Unit ,1,141.60,141.60
    CH-M10K7S Portable Conditioner ,1,308.33,308.33
    Transporditeenus / Delivery costs / Lieferung ,1,15.00,15.00
    C&H S09FTXHV-B VIP long distance WI-FI ,1,513.00,513.00
    C&H HP 16 SINM2 Air to Water (I+O) ,2,2536.55,5073.10
    C&H CH-D010WD2 Mobile Dehumidifier ,10,95.00,950.00
    C&H CH-D008WDP6 Portable Dehumidifier ,6,153.00,918.00
    C&H CH-D016WDP6 Portable Dehumidifier ,4,167.00,668.00
    C&H CH-D005WD1-12LD  Mobile Dehumidifier ,5,103.00,515.00
    C&H CH-D016WDP6-40LD Portable Dehumidifier ,7,195.00,1365.00
    C&H CH-D016WDN6-40LD Portable Dehumidifier ,5,199.00,995.00
    C&H CH-D010WD2-24LD Mobile Dehumidifier ,5,115.00,575.00
    C&H CH-D014WD5-30LD Mobile Dehumidifier ,5,147.00,735.00
    CH-S09FVX WI-FI ,2,320.50,641.00
    CH- S12FVX WI-FI ,3,325.60,976.80
    C&H S18FVX CONSOL Soojuspump ,8,434.15,3473.20
    CHML-U18NK2 Outdoor Unit ,7,405.00,2835.00
    CHML-IW12CNK Wall COZY Indoor unit ,1,92.40,92.40
    C&H-S09FTX5 Winner Inverter ,8,247.00,1976.00
    C&H-S12FTX5 Winner Inverter ,15,269.00,4035.00
    C&H-S24FTX5 Winner Inverter ,6,457.60,2745.60
    CHML-IC12NK Cassette Indoor unit ,11,188.24,2070.60
    CHML-IC18NK Cassette Indoor unit ,8,194.15,1553.20
    CHML-U36NK4 Outdoor Unit ,8,861.26,6890.10
    CH-IC12NK4 Cassette indoor unit ,1,161.10,161.10
    CH-IU12NK4 outdoor unit ,1,311.40,311.40
    CHML-U24NK3 Outdoor Unit ,3,580.77,1742.30
    CHML-U28NK4 Outdoor Unit ,14,605.51,8477.15
    CHV-5SW28NK Indoor unit ,3,121.27,363.81
    CHV-5SW56NK Indoor unit ,3,157.20,471.61
    CH-ID36NK4 Indoor unit ,1,292.51,292.51
    CH-IU36NM4 Outdoor unit ,1,926.29,926.29
    CHML-U42NK5 Outdoor Unit ,3,900.43,2701.29
    CHML-IW18DNK Indoor Unit (Premium Inverter) ,1,150.00,150.00
    CHML-IW07DNK Indoor Unit (Premium Inverter) ,2,103.30,206.61
    CHML-IW09DNK Indoor Unit (Premium Inverter) ,3,119.00,357.00
    CHML-IW12DNK Indoor Unit (Premium Inverter) ,6,122.50,735.00
    C&H CH-D005WD1 Mobile Dehumidifier ,3,86.50,259.50
    CHML-IW18INK DC Inverter Indoor Unit ,3,104.40,313.20
    C&H CH-D042WD Wall Dehumidifier ,1,931.92,931.92
    CHML-U14NK2 Outdoor Unit ,3,396.00,1188.00
    CHML-IW18CNK Wall COZY Indoor unit ,1,102.08,102.08
    CHML-IK12NK Console Indoor unit ,5,134.40,672.00
    CH-IC18NK4 Cassette indoor unit ,4,215.73,862.92
    C&H CH-IC24NK4 Cassete ,4,241.43,965.72
    CH-IF24NK4 Indoor unit ,1,206.19,206.19
    CH-IU18NK4  Outdoor unit ,4,490.77,1963.08
    CH-IU24NK4 outdoor unit ,5,610.32,3051.59
    CHML-IC24NK Cassette Indoor unit ,9,223.62,2012.60
    XK 46 ,1,50.00,50.00
    CH-M09K6S Portable Conditioner ,2,157.53,315.06
    CHML-U21NK3 Outdoor Unit ,5,528.36,2641.80
    CH-S09FTXTB2S-W ICY New Long Distance WI-FI Heat Pump ,52,459.67,23902.94
    C&H S12FTXHV-B VIP long distance WI-FI ,2,639.00,1278.00
    C&H CH-D007WD2 Mobile  Dehumidifier ,5,81.17,405.86
    CHML-IW09VNK Indoor Unit VIP ,6,193.13,1158.78
    CHML-IW12VNK Indoor Unit VIP ,2,202.50,405.00
    TA03 frame to ic12NK-IC18NK ,1,0.09,0.09
    TB04 frame to IC24NK ,8,0.09,0.73
    TC04 frame ,4,0.10,0.39
    C&H S24FTXLA  WI-FI Arctic Soojuspump ,1,536.80,536.80
    CHML-IW18VNK Indoor Unit VIP ,1,206.10,206.10
    TC03 frame IC18NK4- IC12NK4 ,5,0.09,0.46
    CH-S12FTXTB2S-W ICY New Long Distance WI-FI Heat Pump ,120,491.94,59032.59
    CH-S18FTXTB2S-W ICY New Long Distance WI-FI Heat Pump ,89,528.01,46992.76
    CH-S24FTXTB2S-W ICY New Long Distance WI-FI Heat Pump ,103,652.23,67180.18
    C&H S18FTXHV-B VIP long distance WI-FI ,4,729.59,2918.35
    CHML-IW12ACNK Indoor Unit  WI-FI ,1,99.44,99.44
    CHML-IW12AANK Indoor Unit  WI-FI ,25,99.98,2499.56
    CHML-IW18AANK WI-FI Indoor Unit ,11,130.22,1432.37
    CHML-IW18ACNKWI-FI Indoor unit ,1,125.84,125.84
    CHML-IW09AANK Indoor Unit  WI-FI ,32,95.35,3051.28
    CH-S07FTXE Alpha Inverter (without WI-FI) ,18,201.52,3627.36
    bonus for turnover ,1,-2213.00,-2213.00
    CH- HP 8.0 SINK3 Air to Water (I)(O) ,1,2289.89,2289.89
    CH-S07FTXQ Veritas ,6,215.59,1293.55
    CH CF122 Wired controller ,2,105.49,210.99
    C&H HP53CMFNM Air to Water ,2,4942.90,9885.81
    C&H HP 10 SINK3 Air to Water (I)(O) ,3,2360.07,7080.21
    TA03 frame ,18,0.09,jaan.60
    CH-M12K7S Portable Conditioner ,2,224.40,448.80
    CH-S09FTXAM2S-BL ,3,489.87,1469.60
    CH-S12FTXAM2S-BL ,5,527.04,2635.20
    CH-S18FTXAM2S-BL ,4,625.40,2501.60
    CH-S24FTXAM2S-BL ,14,647.41,9063.80
    CH-S12FTXAM2S-GD ,11,525.98,5785.80
    CH-S18FTXAM2S-GD ,5,621.76,3108.80
    CH-S24FTXAM2S-GD ,10,641.82,6418.20
    CH-S09FTXAM2S-SC ,1,501.60,501.60
    CH-S12FTXAM2S-SC ,8,523.35,4186.80
    CH-S18FTXAM2S-SC ,4,618.50,2474.00
    CH-S24FTXAM2S-SC ,15,636.12,9541.80
    CH-S18FTXN-E2wifi ,1,463.00,463.00
    CH-S24FTXLQ-NG WI-FI Veritas ,25,490.19,12254.74
    CH-S18FTXQ-NG WI-FI Veritas ,44,333.33,14666.36
    CH-S09FTXQ-NG WI-FI Veritas ,55,220.00,12100.00
    CH-S12FTXQ-NG WI-FI Veritas ,47,238.98,11232.00
    C&H HP 16 SINM2 Air to Water (I+O) ,7,2390.78,16735.48
    CHML-IW07AANK Indoor Unit ,8,96.77,774.20
    CH-S09FTXE-NG WI-FI Alpha Inverter ,9,220.00,1980.00
    CH-S12FTXE-NG WI-FI Alpha Inverter ,24,241.06,5785.52
    CH-S18FTXE-NG WI-FI Alpha Inverter ,4,328.24,1312.96
    CH-HP 12 SINM2 Air to Water (I)+(O) ,6,2234.86,13409.16
    CH-FW050K2 ,1,98.11,98.11
    KJR-18B/E-B ,1,22.50,22.50
    CH-VC13TH ,1,833.36,833.36
    CH-S09 FTXLA-NG ,47,263.85,12400.92
    CH-S12 FTXLA-NG ,67,286.05,19165.58
    CH-S18 FTXLA-NG ,16,442.26,7076.23
    CH-S24 FTXLA-NG ,16,526.20,8419.20
    CH-M10K7S Portable Conditioner ,4,197.10,788.40
    CH- HP 8.0 SINK2 Air to Water (I)+(O) ,2,1924.18,3848.36
    CH-FFC035K2 ,1,148.50,148.50
    CH- HP 10 SINK2 Air to Water (I)+(O) ,3,2021.61,6064.84
    CH- HP 14 SINM2 Air to Water (I)+(O) ,2,2277.00,4554.00
    C&H CH-D008WDP6-20LD Portable Dehumidifier ,1,143.44,143.44
    C&H CH-D016WDN6-40LD Portable Dehumidifier ,1,179.10,179.10
    C&H CH-D008WD5-20LD  Mobile Dehumidifier ,2,116.59,233.18
    C&H CH-D009WD7-22LD Mobile Dehumidifier ,2,118.37,236.74
    C&H CH-D011WD7-26LD Mobile Dehumidifier ,2,121.93,243.86
    CHML-U18RK2 outdoor unit ,3,410.93,1232.80
    CHML-U21RK3 outdoor unit ,4,544.50,2178.00
    CHML-U24RK3 outdoor unit ,2,589.60,1179.20
    CHML-U28RK4 outdoor unit ,2,639.00,1278.00
    CHML-IW07AARK indoor unit ,15,92.54,1388.10
    CHML-IW09AARK ( Wi-Fi) indoor unit ,18,97.53,1755.60
    CHML-IW18AARK ( Wi-Fi) indoor unit ,3,129.53,388.60
    CHV-5S335SNMX2 outdoor unit ,1,2605.07,2605.07
    CH-IF100RK indoor unit ,1,340.73,340.73
    CH-IDS050PRK Duct Indoor unit ,1,199.60,199.60
    Unitherm WiFi module v1.0 ,1,170.68,170.68
    TF06 ,1,0.09,0.09
    CH-IC100RK Indoor unit ,1,286.00,286.00
    CH-IU100RM outdoor ,1,868.56,868.56
    CH CF92 Wired controller ,1,101.79,101.79
    C&H HP 10 SINK3 Air to Water (I)(O) ,4,2350.00,9400.00
    C&H HP 16 SINM2 Air to Water (I+O) ,6,2527.83,15167.00
    CH-HP 12 SINM2 Air to Water (I)+(O) ,3,2490.00,7470.00
    C&H HP60CMFNM Air to Water ,1,6148.35,6148.35
    CHML-U18NK2 Outdoor Unit ,1,499.00,499.00
    CH-IU36NM4 Outdoor unit ,1,1046.00,1046.00
    CHML-IW07DNK Indoor Unit (Premium Inverter) ,2,121.00,242.00
    CHML-IW09DNK Indoor Unit (Premium Inverter) ,3,125.00,375.00
    CHML-U14NK2 Outdoor Unit ,1,489.00,489.00
    CHML-U21NK3 Outdoor Unit ,1,659.00,659.00
    C&H S12FTXHV-B VIP long distance WI-FI ,1,585.00,585.00
    CH-IC36NK4 Cassette indoor unit ,1,407.00,407.00
    CHML-IW09VNK Indoor Unit VIP ,2,233.00,466.00
    TC04 frame ,1,0.08,0.08
    C&H S12FTXLA WI-FI Arctic Soojuspump ,1,415.00,415.00
    C&H S18FTXLA WI-FI Arctic Soojuspump ,1,585.00,585.00
    C&H S24FTXLA  WI-FI Arctic Soojuspump ,2,705.00,1410.00
    CH-S24FTXTB2S-W ICY New Long Distance WI-FI Heat Pump ,1,790.00,790.00
    CH-S24FTXAM2S-BL ,1,795.00,795.00
    CH-S18FTXAM2S-GD ,1,750.50,750.50
    CH-S18FTXN-E2wifi ,1,495.00,495.00
    CH-S12 FTXLA-NG ,5,408.00,2040.00
    CH-S09FVX WI-FI ,1,351.67,351.67
    CH- S12FVX WI-FI ,1,427.50,427.50
    C&H S09FTXLA WI-FI Arctic Soojuspump ,2,304.46,608.92
    C&H S12FTXLA WI-FI Arctic Soojuspump ,2,331.67,663.34
    C&H S09FTXHV-B VIP long distance WI-FI ,1,705.00,705.00
    CH-S12FTXTB2S-W ICY New Long Distance WI-FI Heat Pump ,1,531.00,531.00
    CH-S18FTXTB2S-W ICY New Long Distance WI-FI Heat Pump ,2,466.23,932.47
    CH-S24FTXTB2S-W ICY New Long Distance WI-FI Heat Pump ,1,645.05,645.05
    CH-S18FTXAM2S-BL ,1,750.50,750.50
    CH-S12FTXAM2S-GD ,1,636.50,636.50
    CH-S18FTXAM2S-SC ,1,717.25,717.25
    CH-S24FTXAM2S-SC ,1,755.25,755.25
    CH-S09 FTXLA-NG ,1,337.25,337.25
    CH-S12 FTXLA-NG ,6,401.17,2407.00
    CH-S18 FTXLA-NG ,1,546.25,546.25
    CH-S24 FTXLA-NG ,1,660.25,660.25
    Konditsioneeride  paigaldus ,1,250.00,250.00
    C&H CH-D016WDP6 Portable Dehumidifier ,2,155.00,310.00
    CH-S12FTXTB2S-W ICY New Long Distance WI-FI Heat Pump ,1,442.00,442.00
    CH-M12K7S Portable Conditioner ,8,254.17,2033.36
    CH-M10K7S Portable Conditioner ,5,216.67,1083.35
    CHML-U18NK2 Outdoor Unit ,1,359.57,359.57
    CH-C18NK2 Indoor Unit ,7,133.60,935.17
    CH-C24NK2  Indoor Unit ,2,192.84,385.69
    CH-U24NK2 Outdoor Unit ,2,306.64,613.29
    CH-IC12NK4 Cassette indoor unit ,5,182.98,914.88
    CH-IU12NK4 outdoor unit ,6,263.61,1581.67
    C&H CH-HRV5K ,2,480.77,961.54
    CHML-U28NK4 Outdoor Unit ,1,545.41,545.41
    CHML-U14NK2 Outdoor Unit ,1,351.49,351.49
    CH-S09FTXE WI-FI Alpha Inverter ,15,213.48,3202.17
    CH-S12FTXE WI-FI Alpha Inverter ,10,224.06,2240.63
    CH-S18FTXE WI-FI Alpha Inverter ,3,295.17,885.50
    CH-S09FTXTB2S-W ICY New Long Distance WI-FI Heat Pump ,2,425.43,850.86
    C&H S12FTXHV-B VIP long distance WI-FI ,1,677.29,677.29
    TC04 frame ,2,0.08,0.16
    C&H CH-U18NK2 Outdoor Unit ,7,222.71,1558.99
    C&H S09FTXLA WI-FI Arctic Soojuspump ,25,256.77,6419.33
    TC03 frame IC18NK4- IC12NK4 ,12,0.08,0.99
    CH-S12FTXTB2S-W ICY New Long Distance WI-FI Heat Pump ,18,420.71,7572.70
    CH-S18FTXTB2S-W ICY New Long Distance WI-FI Heat Pump ,22,440.26,9685.71
    CH-S24FTXTB2S-W ICY New Long Distance WI-FI Heat Pump ,34,568.33,19323.12
    C&H S18FTXHV-B VIP long distance WI-FI ,3,699.16,2097.48
    C&H S07XN7 PRIMA ,5,128.47,642.37
    C&H S09XN7 PRIMA ,35,142.21,4977.38
    C&H S12XN7 PRIMA ,15,164.03,2460.41
    CH-S09FTXAM2S-BL ,1,494.55,494.55
    CH-S12FTXAM2S-BL ,2,499.67,999.34
    CH-S12FTXAM2S-GD ,6,504.00,3023.98
    CH-S18FTXAM2S-GD ,6,592.98,3557.91
    CH-S24FTXAM2S-GD ,2,608.54,1217.08
    CH-S09FTXAM2S-SC ,3,469.49,1408.47
    CH-S12FTXAM2S-SC ,12,490.86,5890.28
    CH-S18FTXAM2S-SC ,11,577.97,6357.69
    CH-S24FTXAM2S-SC ,13,614.97,7994.66
    CH-S09FTXN-E2wifi ,8,236.75,1893.99
    CH-S12FTXN-E2wifi ,15,251.29,3769.39
    CH-S24FTXLQ-NG WI-FI Veritas ,7,465.92,3261.43
    CH-S18FTXQ-NG WI-FI Veritas ,10,336.96,3369.56
    CH-S12FTXE-NG WI-FI Alpha Inverter ,20,219.51,4390.25
    CH-S18FTXE-NG WI-FI Alpha Inverter ,2,338.20,676.41
    CH-ID12NK4 indoor unit ,1,153.85,153.85
    CH-S09 FTXLA-NG ,3,255.09,765.28
    CH-S12 FTXLA-NG ,16,267.88,4286.06
    CH-S18 FTXLA-NG ,9,409.45,3685.08
    CH-S24 FTXLA-NG ,14,485.03,6790.37
    CH-S18FTXN-NG ,3,430.37,1291.10
    CH-S24FTXN-NG ,2,509.36,1018.73
    CHML-U18RK2 outdoor unit ,2,392.51,785.03
    CHML-U24RK3 outdoor unit ,2,581.78,1163.56
    CHML-U28RK4 outdoor unit ,1,621.28,621.28
    CHML-IW09AARK ( Wi-Fi) indoor unit ,12,94.63,1135.58
    CHML-IW12AARK ( Wi-Fi) indoor unit ,4,98.74,394.98
    CHML-IK09RK Indoor unit ,1,144.00,144.00
    C&H HP36CMFNM Air to Water ,1,3025.71,3025.71
    Transporditeenus / Delivery costs / Lieferung ,1,30.00,30.00
    CH-S09FTXTB2S-W ICY New Long Distance WI-FI Heat Pump ,10,533.90,5339.00
    C&H S09FTXHV-B VIP long distance WI-FI ,3,513.00,1539.00
    CH-S12FTXTB2S-W ICY New Long Distance WI-FI Heat Pump ,6,482.22,2893.34
    CH-S18FTXTB2S-W ICY New Long Distance WI-FI Heat Pump ,4,511.58,2046.34
    C&H S18FTXHV-B VIP long distance WI-FI ,1,635.67,635.67
    CH-S12FTXAM2S-BL ,3,591.11,1773.34
    CH-S18FTXAM2S-BL ,2,782.50,1565.00
    CH-S09FTXAM2S-SC ,1,650.00,650.00
    CH-S12FTXAM2S-SC ,1,650.00,650.00
    CH-S12FTXE-NG WI-FI Alpha Inverter ,1,280.00,280.00
    CH-S09 FTXLA-NG ,4,346.12,1384.50
    CH-S12 FTXLA-NG ,2,392.50,785.00
    CH-M10K7S Portable Conditioner ,1,222.30,222.30
    CHML-U28RK4 outdoor unit ,2,755.00,1510.00
    CHML-IW18AARK ( Wi-Fi) indoor unit ,1,150.00,150.00
    CHML-IK09RK Indoor unit ,2,169.00,338.00
    CHML-IK12RK indoor unit ,2,175.00,350.00
    Talvejope Nevada L ,1,22.50,22.50
    Talvejope Nevada M ,1,22.50,22.50
